1752821048575163136,-0.00081,0.00029,0.00045,0.00209,0.99981,-0.00023,-0.01955,0.00056,-0.00007,-0.00032,
1752821048641811968,-0.00120,-0.00009,0.00007,0.00373,0.99980,0.00017,-0.01940,-0.00060,0.00041,0.00026,
1752821048708554496,-0.00067,-0.00011,0.00005,0.00367,0.99979,0.00018,-0.02023,0.00012,0.00033,0.00011,
1752821048775121408,-0.00070,-0.00014,0.00005,0.00419,0.99979,0.00019,-0.02003,0.00042,-0.00036,-0.00026,
1752821048841783552,-0.00068,-0.00014,0.00005,0.00509,0.99975,0.00022,-0.02166,0.00011,-0.00032,0.00013,
1752821048908435456,-0.00068,-0.00014,0.00006,0.00610,0.99969,0.00026,-0.02423,-0.00059,0.00026,0.00021,
1752821048975167744,-0.00067,-0.00014,0.00005,0.00728,0.99957,0.00033,-0.02854,-0.00036,0.00020,0.00017,
1752821049041749504,-0.00067,-0.00014,0.00006,0.00815,0.99943,0.00041,-0.03262,0.00043,-0.00027,0.00015,
1752821049108397568,-0.00069,-0.00013,0.00007,0.00870,0.99918,0.00042,-0.03959,0.00015,-0.00009,-0.00022,
1752821049175061760,-0.00079,-0.00008,0.00007,0.01095,0.99937,0.00038,-0.03384,0.00048,-0.00004,-0.00056,
1752821049241711360,-0.00075,-0.00010,0.00005,0.01738,0.99932,0.00061,-0.03240,-0.00033,0.00000,-0.00007,
1752821049308368128,-0.00071,-0.00012,0.00007,0.03054,0.99890,0.00118,-0.03553,0.00102,-0.00052,-0.00056,
1752821049375031808,-0.00072,-0.00012,0.00007,0.03508,0.99888,0.00120,-0.03176,-0.00045,0.00041,-0.00012,
1752821049441682688,-0.00072,-0.00012,0.00006,0.03833,0.99896,0.00101,-0.02449,-0.00014,0.00034,0.00000,
1752821049508336896,-0.00070,-0.00012,0.00004,0.04612,0.99891,0.00040,-0.00672,0.00070,-0.00016,-0.00028,
1752821049575012352,-0.00069,-0.00012,0.00004,0.04811,0.99884,0.00023,-0.00262,-0.00015,-0.00030,-0.00009,
1752821049641645312,-0.00069,-0.00012,0.00005,0.04803,0.99885,0.00016,-0.00106,0.00019,0.00046,-0.00009,
1752821049708317952,-0.00069,-0.00013,0.00004,0.04742,0.99887,0.00025,-0.00170,-0.00009,0.00019,0.00012,
1752821049774957056,-0.00068,-0.00012,0.00003,0.04878,0.99881,0.00026,-0.00283,0.00042,-0.00067,-0.00018,
1752821049841613312,-0.00069,-0.00012,0.00004,0.04838,0.99881,0.00037,-0.00553,0.00082,-0.00040,-0.00006,
1752821049908356352,-0.00069,-0.00013,0.00005,0.04788,0.99880,0.00059,-0.01005,-0.00060,0.00016,0.00084,
1752821049974929664,-0.00070,-0.00013,0.00005,0.04758,0.99879,0.00069,-0.01214,-0.00069,-0.00005,-0.00083,
1752821050041577728,-0.00071,-0.00013,0.00004,0.04732,0.99881,0.00064,-0.01161,0.00330,0.00253,-0.00008,
1752821050108238592,-0.00069,-0.00014,0.00003,0.04701,0.99883,0.00081,-0.01110,-0.00092,-0.00184,-0.00007,
1752821050174908928,-0.00068,-0.00014,0.00004,0.04682,0.99879,0.00117,-0.01529,-0.00010,0.00076,0.00011,
1752821050241562112,-0.00068,-0.00014,0.00005,0.04691,0.99876,0.00136,-0.01645,0.00075,-0.00024,0.00050,
1752821050308205312,-0.00068,-0.00014,0.00005,0.04653,0.99875,0.00142,-0.01831,0.00042,0.00024,0.00005,
1752821050374956288,-0.00068,-0.00013,0.00006,0.04675,0.99871,0.00145,-0.02000,-0.00040,0.00017,0.00003,
1752821050441511936,-0.00069,-0.00013,0.00005,0.04783,0.99871,0.00127,-0.01719,0.00016,0.00061,-0.00026,
1752821050508199168,-0.00074,-0.00013,0.00002,0.04851,0.99866,0.00076,-0.01822,-0.00042,-0.00034,-0.00026,
1752821050574823680,-0.00071,-0.00014,0.00002,0.04907,0.99858,0.00127,-0.02058,0.00111,-0.00177,0.00038,
1752821050641480448,-0.00050,-0.00007,0.00033,0.05187,0.99833,0.00270,-0.02526,0.00602,0.00188,0.00647,
1752821050708138496,0.00137,-0.00012,0.00008,0.06868,0.99739,-0.00349,-0.02184,0.04173,-0.01188,-0.01646,
1752821050774806272,0.01630,-0.00228,-0.00238,0.09425,0.99349,-0.01217,-0.06289,0.11531,-0.01464,-0.01665,
1752821050841460480,0.00257,0.00002,0.00350,0.06951,0.99441,-0.01475,-0.07806,-0.00098,0.00279,0.04653,
1752821050908102400,-0.00316,-0.00086,0.01107,0.12739,0.98803,-0.01627,-0.08553,-0.02129,0.00211,0.13452,
1752821050974767360,-0.00471,-0.00312,0.02025,0.11489,0.99087,-0.01833,-0.06809,-0.02123,-0.03403,0.15707,
1752821051041407488,-0.00639,-0.00572,0.02885,0.09677,0.99370,-0.02355,-0.05132,-0.03953,-0.03100,0.14667,
1752821051108069376,-0.00911,-0.00816,0.03727,0.08482,0.99526,-0.02918,-0.03751,-0.04278,-0.02624,0.13446,
1752821051174724864,-0.01191,-0.01094,0.04240,0.07204,0.99653,-0.03531,-0.02237,-0.05499,-0.02695,0.09871,
1752821051241389312,-0.01443,-0.01259,0.04834,0.06639,0.99679,-0.04008,-0.01974,-0.05716,-0.01246,0.08124,
1752821051308029696,-0.01657,-0.01252,0.05395,0.06447,0.99686,-0.04250,-0.01744,-0.03800,-0.00114,0.07695,
1752821051374691840,-0.01879,-0.01358,0.05888,0.06504,0.99692,-0.04297,-0.00820,-0.02956,0.00265,0.08117,
1752821051441397504,-0.02211,-0.01329,0.06395,0.06914,0.99670,-0.04258,0.00001,-0.04266,0.00362,0.07318,
1752821051507997952,-0.02515,-0.01410,0.06799,0.06667,0.99684,-0.04283,0.00513,-0.04692,-0.00136,0.05991,
1752821051574693888,-0.02728,-0.01421,0.07210,0.06449,0.99684,-0.04568,0.00755,-0.04029,-0.00026,0.05201,
1752821051641307392,-0.02983,-0.01523,0.07587,0.06046,0.99699,-0.04804,0.00680,-0.03408,-0.00260,0.05371,
1752821051707939072,-0.03219,-0.01562,0.07967,0.05692,0.99718,-0.04848,0.00627,-0.02730,0.00295,0.05497,
1752821051774570752,-0.03349,-0.01584,0.08342,0.05790,0.99708,-0.04883,0.00955,-0.01939,0.00398,0.04604,
1752821051841291264,-0.03506,-0.01558,0.08526,0.05844,0.99707,-0.04807,0.01102,-0.02195,0.00608,0.02333,
1752821051907879168,-0.03597,-0.01561,0.08551,0.05402,0.99717,-0.05096,0.01207,-0.02637,-0.00029,0.02961,
1752821051974479616,-0.03938,-0.01714,0.08960,0.05429,0.99710,-0.05204,0.01195,-0.03835,-0.00702,0.05786,
1752821052041128192,-0.04204,-0.01735,0.09457,0.05514,0.99677,-0.05630,0.01535,-0.03868,-0.01061,0.08455,
1752821052107762688,-0.04384,-0.01787,0.09871,0.05757,0.99637,-0.06051,0.01669,-0.04206,-0.00887,0.06425,
1752821052174398720,-0.04670,-0.01812,0.10201,0.05758,0.99589,-0.06685,0.02069,-0.04583,-0.00218,0.05891,
1752821052241042944,-0.04961,-0.01768,0.10814,0.06124,0.99555,-0.06892,0.01942,-0.05070,0.01148,0.06957,
1752821052307694592,-0.05295,-0.01651,0.11563,0.06345,0.99523,-0.06972,0.02530,-0.05218,0.02567,0.11477,
1752821052374331392,-0.05601,-0.01357,0.12390,0.06698,0.99466,-0.06993,0.03585,-0.06252,0.03577,0.13849,
1752821052440946688,-0.06201,-0.01185,0.13141,0.06938,0.99405,-0.06780,0.04958,-0.08138,0.03693,0.13761,
1752821052507594240,-0.06873,-0.00801,0.13929,0.07376,0.99301,-0.06822,0.06196,-0.09465,0.04840,0.11893,
1752821052574240000,-0.07433,-0.00449,0.14693,0.07597,0.99217,-0.06678,0.07327,-0.08938,0.05428,0.11082,
1752821052640902912,-0.08009,-0.00112,0.15452,0.07879,0.99110,-0.06508,0.08529,-0.08981,0.04893,0.11371,
1752821052707556096,-0.08566,0.00311,0.15938,0.08152,0.99029,-0.06264,0.09355,-0.08122,0.05079,0.07751,
1752821052774203648,-0.09036,0.00582,0.16269,0.08340,0.98980,-0.06110,0.09803,-0.05801,0.03611,0.05074,
1752821052840870656,-0.09329,0.00904,0.16588,0.08654,0.98900,-0.05972,0.10401,-0.02629,0.03619,0.05152,
1752821052907633664,-0.09402,0.01116,0.16681,0.08781,0.98877,-0.05633,0.10701,-0.00416,0.02664,0.01607,
1752821052974180096,-0.09507,0.01135,0.16595,0.08791,0.98883,-0.05366,0.10779,-0.00270,0.00578,0.00035,
1752821053040845056,-0.09555,0.01163,0.16565,0.08943,0.98865,-0.05382,0.10807,-0.00293,0.00194,0.00226,
1752821053107502848,-0.09601,0.01209,0.16546,0.08954,0.98850,-0.05403,0.10925,-0.00519,0.00317,0.01278,
1752821053174173440,-0.09924,0.00976,0.16802,0.09130,0.98825,-0.05105,0.11146,-0.00864,0.00092,0.02382,
1752821053240827392,-0.09953,0.00910,0.16865,0.08835,0.98815,-0.05113,0.11460,-0.00073,-0.00061,0.03956,
1752821053307486464,-0.09788,0.00912,0.17121,0.08682,0.98720,-0.05320,0.12277,0.03289,-0.01138,0.05388,
1752821053374144256,-0.09350,0.00785,0.17308,0.08324,0.98653,-0.05733,0.12860,0.06577,-0.02990,0.03418,
1752821053440801024,-0.08732,0.00795,0.17473,0.07570,0.98639,-0.05726,0.13427,0.11416,0.01796,0.03779,
1752821053507466240,-0.07837,0.00950,0.17720,0.06868,0.98749,-0.04734,0.13381,0.18055,0.05511,0.03294,
1752821053574125568,-0.06572,0.01247,0.18144,0.06339,0.98648,-0.04167,0.14525,0.24443,0.06334,0.08391,
1752821053640780032,-0.04515,0.01600,0.18259,0.06718,0.98504,-0.03812,0.15405,0.31555,0.02834,0.02883,
1752821053707441920,-0.02064,0.01633,0.17940,0.07141,0.98373,-0.04834,0.15762,0.33467,-0.04381,-0.04296,
1752821053774118656,0.00163,0.01506,0.17436,0.07861,0.98287,-0.06422,0.15380,0.30911,-0.04646,-0.10998,
1752821053840761344,0.01937,0.01049,0.16371,0.07661,0.98455,-0.07694,0.13736,0.23403,-0.08077,-0.19483,
1752821053907440640,0.03216,0.00629,0.15349,0.06842,0.98517,-0.09767,0.12333,0.16256,-0.08380,-0.18014,
1752821053974120960,0.04201,0.00304,0.14446,0.06946,0.98656,-0.10561,0.10352,0.12689,-0.07000,-0.13439,
1752821054040775424,0.04942,-0.00257,0.13756,0.07233,0.98644,-0.11524,0.09182,0.09233,-0.09499,-0.09900,
1752821054107426816,0.05542,-0.00867,0.13195,0.07038,0.98659,-0.12429,0.07903,0.08137,-0.09430,-0.06483,
1752821054174075904,0.06082,-0.01566,0.12995,0.06280,0.98616,-0.13567,0.07172,0.07289,-0.11005,-0.02228,
1752821054240706816,0.06440,-0.02325,0.12648,0.06051,0.98410,-0.15222,0.06870,0.01923,-0.13876,-0.04838,
1752821054307353088,0.06231,-0.03337,0.12170,0.07922,0.97876,-0.17893,0.06117,-0.07581,-0.16126,-0.08094,
1752821054373984512,0.05548,-0.04351,0.11797,0.10441,0.97164,-0.20716,0.04583,-0.11955,-0.14122,-0.03845,
1752821054440623360,0.04725,-0.05134,0.11546,0.12180,0.96610,-0.22514,0.03363,-0.15547,-0.11003,-0.02426,
1752821054507272192,0.03614,-0.05781,0.11279,0.12386,0.96404,-0.23444,0.01816,-0.20427,-0.08495,-0.02917,
1752821054573880576,0.01947,-0.06183,0.10904,0.12406,0.96337,-0.23777,0.00084,-0.25636,-0.05708,-0.03514,
1752821054640546304,0.00619,-0.06795,0.10854,0.11897,0.96498,-0.23327,-0.01562,-0.25590,-0.03479,-0.03700,
1752821054707195136,-0.01048,-0.06704,0.10296,0.11075,0.96782,-0.22317,-0.03538,-0.26954,-0.00533,-0.05221,
1752821054773829632,-0.03475,-0.06396,0.10340,0.11259,0.96838,-0.21800,-0.04506,-0.28241,0.01027,-0.00500,
1752821054840524032,-0.05393,-0.06365,0.10363,0.11513,0.96938,-0.20997,-0.05438,-0.28323,0.00797,0.01941,
1752821054907088384,-0.07783,-0.06115,0.10364,0.11892,0.97130,-0.19843,-0.05526,-0.26144,0.10592,0.04137,
1752821054973805568,-0.09156,-0.04874,0.10816,0.11731,0.97722,-0.16974,-0.04974,-0.14195,0.25144,0.11015,
1752821055040388608,-0.10062,-0.02669,0.11862,0.11578,0.98566,-0.12126,-0.01902,-0.06741,0.40573,0.16464,
1752821055107051520,-0.10724,0.00083,0.12080,0.11047,0.99230,-0.05467,0.01228,-0.09291,0.46060,0.07317,
1752821055173714176,-0.11059,0.02443,0.12612,0.09156,0.99564,-0.00183,0.01787,-0.02218,0.37461,0.07326,
1752821055240362752,-0.10646,0.04303,0.12933,0.09064,0.99454,0.04094,0.03174,0.03867,0.31654,0.03730,
1752821055307037696,-0.10069,0.06322,0.12769,0.09123,0.99176,0.08217,0.03668,0.08040,0.29710,-0.02266,
1752821055373731584,-0.09802,0.08092,0.13041,0.08221,0.98843,0.12296,0.03358,0.15145,0.23506,-0.00195,
1752821055440382464,-0.08378,0.09326,0.13185,0.08644,0.98496,0.14436,0.03933,0.24980,0.15243,0.04925,
1752821055507255040,-0.06768,0.10341,0.13475,0.08732,0.98269,0.15402,0.05454,0.27343,0.11617,0.04223,
1752821055573748736,-0.05067,0.11021,0.13769,0.08424,0.98182,0.15581,0.06818,0.28102,0.07649,0.04310,
1752821055640407808,-0.03044,0.11578,0.14176,0.08148,0.98159,0.15359,0.07904,0.30704,0.02338,0.04744,
1752821055707049216,-0.00989,0.11451,0.14466,0.08922,0.98133,0.14499,0.08946,0.30458,-0.08040,0.04430,
1752821055773692160,0.00895,0.10448,0.14850,0.09244,0.98305,0.12294,0.09977,0.25485,-0.17579,0.05412,
1752821055840352256,0.02445,0.08765,0.15151,0.09460,0.98606,0.08702,0.10570,0.19957,-0.30283,0.03850,
1752821055907023104,0.03557,0.06479,0.15305,0.10535,0.98745,0.03526,0.11228,0.10592,-0.36945,-0.01182,
1752821055973707520,0.03974,0.03799,0.15080,0.12300,0.98661,-0.02327,0.10451,0.01653,-0.43694,-0.05522,
1752821056040395776,0.03823,0.01052,0.14507,0.13766,0.98328,-0.08663,0.08194,-0.07825,-0.45524,-0.11975,
1752821056107007488,0.03235,-0.01429,0.13485,0.15562,0.97641,-0.14279,0.04482,-0.13095,-0.40256,-0.17877,
1752821056173699840,0.02106,-0.03954,0.12245,0.15873,0.97132,-0.17695,0.00617,-0.14825,-0.32302,-0.17097,
1752821056240338688,0.01098,-0.05726,0.11267,0.14736,0.96993,-0.19241,-0.02215,-0.14769,-0.21117,-0.13134,
1752821056307006720,-0.00019,-0.06802,0.10454,0.13150,0.97111,-0.19500,-0.04032,-0.17186,-0.11092,-0.11634,
1752821056373633280,-0.01293,-0.06685,0.10054,0.11516,0.97315,-0.19177,-0.05426,-0.23866,-0.04616,-0.12226,
1752821056440226048,-0.02999,-0.06968,0.09223,0.11032,0.97301,-0.18966,-0.07149,-0.26207,-0.02446,-0.10933,
1752821056506873600,-0.05108,-0.06766,0.08579,0.11301,0.97415,-0.17759,-0.08198,-0.27882,0.07273,-0.07948,
1752821056573519104,-0.06683,-0.06110,0.08441,0.10787,0.97743,-0.15641,-0.09235,-0.24895,0.14559,-0.00297,
1752821056640175616,-0.08508,-0.04772,0.08494,0.11058,0.98160,-0.12125,-0.09759,-0.21292,0.23814,0.04430,
1752821056706819584,-0.10033,-0.02868,0.09165,0.10809,0.98732,-0.07631,-0.08769,-0.13873,0.33071,0.11204,
1752821056773461760,-0.10988,-0.00610,0.09873,0.09438,0.99303,-0.02292,-0.06677,-0.02949,0.33703,0.15420,
1752821056840134144,-0.10813,0.00952,0.10848,0.08478,0.99586,0.00931,-0.03157,0.10364,0.21205,0.15030,
1752821056906874880,-0.09855,0.01683,0.11406,0.09414,0.99526,0.02351,-0.00693,0.22482,0.06622,0.07585,
1752821056973565184,-0.08030,0.01409,0.11851,0.11051,0.99384,0.00110,0.00787,0.34936,-0.09678,0.03793,
1752821057040171264,-0.05714,0.00777,0.11770,0.12201,0.99197,-0.02983,0.01512,0.38251,-0.11914,-0.02481,
1752821057106852864,-0.03434,-0.00014,0.11488,0.11101,0.99218,-0.05536,0.01356,0.35553,-0.12996,-0.01468,
1752821057173496320,-0.01241,-0.00804,0.11825,0.09358,0.99234,-0.07925,0.01472,0.30234,-0.10577,0.08878,
1752821057240132864,0.00303,-0.01080,0.12942,0.07984,0.99164,-0.09601,0.03256,0.20913,-0.02326,0.24319,
1752821057306786304,0.01473,-0.00760,0.15067,0.06808,0.99041,-0.10339,0.06126,0.10730,0.07918,0.33778,
1752821057373433088,0.01979,0.00011,0.17255,0.04494,0.99025,-0.09957,0.08639,-0.00359,0.15493,0.34011,
1752821057440087296,0.01710,0.01073,0.19319,0.02539,0.99076,-0.08765,0.10033,-0.11330,0.20934,0.30375,
1752821057506742272,0.00665,0.02521,0.21553,0.01884,0.99086,-0.06504,0.11669,-0.21121,0.25523,0.32474,
1752821057573413120,-0.01094,0.04139,0.23574,0.02110,0.98992,-0.03355,0.13600,-0.32084,0.24523,0.27805,
1752821057640086784,-0.03545,0.05588,0.25124,0.03033,0.98772,-0.00492,0.15319,-0.40754,0.22758,0.18113,
1752821057706759680,-0.06893,0.06119,0.24939,0.04880,0.98709,0.03486,0.14852,-0.48147,0.15693,-0.07523,
1752821057773446400,-0.09293,0.07850,0.24087,0.06550,0.98954,0.06547,0.11059,-0.43359,0.15331,-0.25586,
1752821057840112640,-0.11985,0.08359,0.22484,0.08478,0.98694,0.11380,0.07622,-0.31540,0.10824,-0.30456,
1752821057906802944,-0.13643,0.08519,0.20393,0.08955,0.98367,0.14351,0.06149,-0.14333,-0.03788,-0.36509,
1752821057973450496,-0.13882,0.07390,0.17840,0.09151,0.98588,0.13539,0.03650,0.06659,-0.27766,-0.43715,
1752821058040122368,-0.12798,0.04653,0.15283,0.10973,0.98914,0.09776,0.00204,0.20871,-0.42064,-0.38168,
1752821058106747392,-0.11803,0.01818,0.13297,0.12481,0.99055,0.05466,-0.01554,0.25180,-0.41684,-0.23609,
1752821058173385472,-0.10057,-0.00964,0.12165,0.12163,0.99209,0.01063,-0.02917,0.28897,-0.41149,-0.13525,
1752821058240051200,-0.07951,-0.03480,0.11580,0.11221,0.99228,-0.04277,-0.03093,0.32355,-0.40724,-0.05504,
1752821058306708992,-0.05896,-0.06093,0.10933,0.10291,0.98890,-0.10559,-0.01820,0.30391,-0.37123,-0.05474,
1752821058373373184,-0.04270,-0.07944,0.10367,0.10505,0.98135,-0.16094,-0.00459,0.25880,-0.23678,-0.08130,
1752821058440023552,-0.02702,-0.09390,0.09986,0.10060,0.97470,-0.19958,-0.00243,0.26958,-0.14214,-0.06187,
1752821058506681344,-0.00547,-0.09791,0.09305,0.09824,0.96964,-0.22393,0.00047,0.28714,0.01797,-0.10656,
1752821058573266944,0.01824,-0.09771,0.08684,0.08571,0.96995,-0.22765,0.00425,0.31685,0.09468,-0.05502,
1752821058639890432,0.04143,-0.08936,0.08317,0.07120,0.97295,-0.21920,0.01564,0.30432,0.17554,0.01174,
1752821058706535168,0.05829,-0.07458,0.08560,0.06539,0.97579,-0.20453,0.04164,0.22747,0.28916,0.08496,
1752821058773169152,0.06743,-0.05156,0.09562,0.05365,0.98035,-0.17747,0.06733,0.13877,0.37979,0.21344,
1752821058839776768,0.07353,-0.02463,0.11075,0.05778,0.98398,-0.13473,0.10146,0.01663,0.44745,0.25131,
1752821058906418432,0.07433,0.00388,0.12684,0.05502,0.98635,-0.08728,0.12835,-0.09829,0.44284,0.24469,
1752821058973098752,0.06526,0.03173,0.14086,0.05944,0.98652,-0.04087,0.14686,-0.22680,0.40075,0.20474,
1752821059039803904,0.06518,0.04871,0.14637,0.06705,0.98552,-0.00039,0.15576,-0.25200,0.29015,0.15626,
1752821059106474752,0.04656,0.06208,0.15472,0.08422,0.98253,0.03119,0.16301,-0.30173,0.17967,0.11949,
1752821059173174016,0.01255,0.07134,0.15606,0.10583,0.97807,0.05275,0.17148,-0.37705,0.12438,0.06597,
1752821059239818240,0.00170,0.08090,0.16371,0.12283,0.97512,0.06754,0.17175,-0.34934,0.12450,0.02712,
1752821059306479872,-0.01250,0.09005,0.16848,0.12767,0.97493,0.08518,0.16111,-0.31637,0.10597,-0.02634,
1752821059373136128,-0.03236,0.09705,0.16670,0.12559,0.97650,0.10279,0.14181,-0.29818,0.03747,-0.05901,
1752821059439823616,-0.04790,0.09585,0.16414,0.12948,0.97786,0.11329,0.11908,-0.25618,-0.05496,-0.06680,
1752821059506488832,-0.06519,0.09340,0.16132,0.13368,0.97948,0.11118,0.10195,-0.21669,-0.10876,-0.05563,
1752821059573161728,-0.07863,0.08135,0.15494,0.13323,0.98166,0.10481,0.08721,-0.15514,-0.20939,-0.06494,
1752821059639828480,-0.08821,0.06744,0.15143,0.14267,0.98311,0.08240,0.07971,-0.07765,-0.26985,-0.03254,
1752821059706459136,-0.09060,0.04636,0.14733,0.15181,0.98433,0.05127,0.07355,-0.00313,-0.36097,-0.08470,
1752821059773113344,-0.08883,0.01913,0.13784,0.15781,0.98596,0.01047,0.05354,0.04316,-0.43947,-0.18418,
1752821059839768064,-0.08508,-0.01092,0.12608,0.15462,0.98720,-0.03501,0.01750,0.07305,-0.45747,-0.22088,
1752821059906499584,-0.08041,-0.03804,0.11175,0.14443,0.98642,-0.07741,-0.01089,0.10377,-0.41322,-0.18114,
1752821059973076992,-0.07166,-0.06106,0.10335,0.13553,0.98403,-0.11270,-0.02487,0.13425,-0.34195,-0.13673,
1752821060039702784,-0.06138,-0.08113,0.09644,0.12584,0.98042,-0.14656,-0.03827,0.16029,-0.26245,-0.11019,
1752821060106370560,-0.05320,-0.09198,0.09033,0.11799,0.97771,-0.16915,-0.03938,0.19564,-0.10080,-0.05011,
1752821060173049088,-0.03963,-0.09613,0.09075,0.10041,0.97849,-0.17888,-0.02172,0.25858,0.01702,0.02674,
1752821060239700224,-0.02259,-0.09287,0.09096,0.08113,0.98168,-0.17224,0.00682,0.26609,0.09335,0.03017,
1752821060306299392,-0.00483,-0.08721,0.09181,0.06316,0.98359,-0.16376,0.04183,0.23438,0.13186,0.03401,
1752821060372933376,0.00871,-0.07983,0.09110,0.05813,0.98533,-0.14810,0.06176,0.17068,0.12398,0.00008,
1752821060439591168,0.01957,-0.07018,0.09083,0.06581,0.98586,-0.13917,0.06623,0.11369,0.15248,-0.00373,
1752821060506187008,0.03215,-0.06093,0.09217,0.07133,0.98760,-0.12216,0.06808,0.09716,0.15738,0.01967,
1752821060572846336,0.03689,-0.05070,0.09321,0.07747,0.98888,-0.10235,0.07507,0.05430,0.14808,-0.00831,
1752821060639536640,0.03896,-0.04421,0.09302,0.07902,0.98970,-0.08888,0.07966,0.02477,0.10632,-0.01082,
1752821060706264576,0.04014,-0.03689,0.09251,0.07685,0.99032,-0.08090,0.08258,0.01202,0.07164,-0.04573,
1752821060772841728,0.03985,-0.03547,0.09171,0.07136,0.99141,-0.07959,0.07542,0.01418,0.00955,-0.06173,
1752821060839526656,0.04228,-0.03299,0.08425,0.06763,0.99194,-0.08627,0.06362,0.03035,-0.00713,-0.09437,
1752821060906168320,0.04458,-0.03413,0.07773,0.05589,0.99244,-0.09503,0.05385,0.03991,-0.02575,-0.11833,
1752821060972832768,0.04810,-0.03286,0.07001,0.04870,0.99276,-0.10192,0.04087,0.04928,-0.01050,-0.12113,
1752821061039492608,0.05373,-0.03133,0.06296,0.04528,0.99290,-0.10377,0.03640,0.06450,0.00308,-0.11014,
1752821061106144256,0.05760,-0.02889,0.05570,0.04417,0.99289,-0.10244,0.04161,0.05410,0.03432,-0.10555,
1752821061172787712,0.05938,-0.02675,0.04897,0.04649,0.99344,-0.09223,0.04904,0.03881,0.02895,-0.09653,
1752821061239458560,0.06194,-0.02486,0.04284,0.03630,0.99418,-0.08848,0.04967,0.02431,0.01020,-0.10900,
1752821061306100480,0.06329,-0.02515,0.03466,0.02825,0.99368,-0.09756,0.04771,0.01025,-0.04011,-0.09932,
1752821061372754432,0.06430,-0.02556,0.02785,0.02643,0.99298,-0.10594,0.04547,0.01176,-0.01863,-0.08628,
1752821061439400960,0.06541,-0.02640,0.02371,0.02086,0.99322,-0.10802,0.03754,0.01235,-0.00846,-0.06897,
1752821061506093568,0.06660,-0.02568,0.02101,0.01991,0.99334,-0.10933,0.03058,0.01599,0.00892,-0.05229,
1752821061572761600,0.06703,-0.02541,0.01524,0.01481,0.99362,-0.10798,0.02904,0.00730,0.00103,-0.05414,
1752821061639433984,0.06797,-0.02559,0.01070,0.00452,0.99441,-0.10512,0.00861,0.01977,-0.01265,-0.11284,
1752821061706115072,0.06896,-0.02586,0.00611,-0.00539,0.99483,-0.10043,-0.01378,-0.00698,-0.02427,0.07409,
1752821061772795904,0.06771,-0.02544,0.00659,-0.00164,0.99513,-0.09752,-0.01432,-0.04139,-0.01169,0.02539,
1752821061839490048,0.06854,-0.02495,0.00709,0.00130,0.99543,-0.09412,-0.01591,-0.00463,0.00795,0.00464,
1752821061906180608,0.06992,-0.02480,0.00675,0.00171,0.99562,-0.09219,-0.01570,0.01051,-0.00181,-0.00337,
1752821061972905216,0.07047,-0.02475,0.00645,0.00335,0.99603,-0.08754,-0.01574,0.01289,0.00021,0.00063,
1752821062039548672,0.07085,-0.02491,0.00617,0.00344,0.99658,-0.08121,-0.01502,0.01211,0.00104,-0.00011,
1752821062106195456,0.07119,-0.02479,0.00567,0.00375,0.99667,-0.08033,-0.01380,0.00671,-0.00415,-0.00195,
1752821062172849408,0.07078,-0.02540,0.00584,0.00409,0.99682,-0.07833,-0.01381,0.00083,0.00041,-0.00103,
1752821062239503872,0.07042,-0.02596,0.00601,0.00414,0.99693,-0.07685,-0.01410,0.00025,0.00048,-0.00015,
1752821062306157824,0.07042,-0.02611,0.00603,0.00409,0.99697,-0.07645,-0.01413,0.00080,-0.00125,-0.00070,
1752821062372814336,0.07043,-0.02612,0.00599,0.00398,0.99697,-0.07641,-0.01407,0.00098,-0.00075,-0.00099,
1752821062439471616,0.07037,-0.02613,0.00606,0.00404,0.99697,-0.07635,-0.01416,0.00046,-0.00043,0.00026,
1752821062506126592,0.07039,-0.02611,0.00599,0.00424,0.99697,-0.07637,-0.01402,0.00050,-0.00063,-0.00039,
1752821062572780288,0.07036,-0.02608,0.00595,0.00426,0.99697,-0.07642,-0.01397,0.00016,-0.00015,-0.00031,
1752821062639512320,0.07036,-0.02616,0.00601,0.00417,0.99698,-0.07621,-0.01406,0.00071,-0.00076,-0.00011,
1752821062706190336,0.07036,-0.02610,0.00593,0.00411,0.99697,-0.07636,-0.01390,0.00161,-0.00126,-0.00183,
1752821062772742656,0.07034,-0.02606,0.00601,0.00414,0.99697,-0.07644,-0.01404,0.00052,0.00072,0.00069,
1752821062839403776,0.07042,-0.02610,0.00595,0.00405,0.99698,-0.07630,-0.01395,0.00122,-0.00063,-0.00075,
1752821062906070016,0.07037,-0.02615,0.00602,0.00404,0.99699,-0.07619,-0.01404,-0.00026,0.00068,0.00102,
1752821062972708608,0.07041,-0.02608,0.00598,0.00400,0.99698,-0.07633,-0.01399,0.00139,0.00098,-0.00068,
1752821063039371264,0.07040,-0.02607,0.00595,0.00386,0.99697,-0.07641,-0.01393,0.00004,-0.00049,-0.00046,
1752821063106028800,0.07032,-0.02613,0.00606,0.00380,0.99698,-0.07625,-0.01418,0.00070,0.00043,0.00101,
1752821063172683008,0.07023,-0.02673,0.00612,0.00372,0.99709,-0.07471,-0.01443,0.00293,-0.00021,-0.00101,
1752821063239337216,0.07002,-0.02732,0.00561,0.00374,0.99722,-0.07321,-0.01353,0.00018,-0.00053,-0.00109,
1752821063306014720,0.07000,-0.02726,0.00569,0.00371,0.99721,-0.07335,-0.01371,0.00145,0.00071,-0.00135,
1752821063372646656,0.07001,-0.02727,0.00579,0.00367,0.99721,-0.07330,-0.01391,0.00070,-0.00013,-0.00030,
1752821063439301632,0.07000,-0.02728,0.00581,0.00366,0.99721,-0.07328,-0.01395,-0.00061,-0.00052,-0.00400,
1752821063505952000,0.06998,-0.02728,0.00575,0.00348,0.99721,-0.07326,-0.01386,0.00238,-0.00040,-0.00080,
1752821063572609536,0.06999,-0.02734,0.00577,0.00351,0.99722,-0.07310,-0.01389,0.00070,-0.00033,-0.00003,
1752821063639267584,0.06997,-0.02734,0.00576,0.00351,0.99722,-0.07307,-0.01385,0.00096,-0.00003,-0.00131,
1752821063705981184,0.06996,-0.02733,0.00572,0.00346,0.99722,-0.07313,-0.01375,0.00032,-0.00061,-0.00099,
1752821063772590848,0.06995,-0.02734,0.00570,0.00343,0.99722,-0.07310,-0.01375,0.00021,0.00053,-0.00079,
1752821063839227648,0.06997,-0.02732,0.00581,0.00350,0.99722,-0.07311,-0.01400,0.00086,0.00044,-0.00045,
1752821063905883648,0.07003,-0.02723,0.00579,0.00504,0.99724,-0.07281,-0.01366,-0.00065,0.00580,-0.01018,
1752821063972539904,0.07003,-0.02724,0.00578,0.00347,0.99725,-0.07273,-0.01415,0.00063,-0.00250,-0.00163,
1752821064039201792,0.07005,-0.02729,0.00580,0.00321,0.99727,-0.07243,-0.01424,0.00101,-0.00112,-0.00244,
1752821064105855488,0.07005,-0.02725,0.00581,0.00327,0.99726,-0.07254,-0.01425,0.00121,-0.00051,-0.00133,
1752821064172502272,0.07008,-0.02723,0.00582,0.00323,0.99728,-0.07231,-0.01414,0.00369,0.00177,-0.00070,
1752821064239243776,0.06998,-0.02714,0.00568,0.00586,0.99815,-0.05687,-0.02048,-0.00161,0.00397,0.00930,
1752821064305820672,0.07064,-0.03064,0.00441,0.03611,0.99576,-0.03655,-0.07635,0.01514,-0.06472,-0.00106,
1752821064372493824,0.06988,-0.03355,0.01244,0.04533,0.99095,-0.05450,-0.11403,-0.01737,-0.01613,0.19091,
1752821064439127808,0.07127,-0.03059,0.02998,0.05269,0.99404,-0.05395,-0.07874,-0.02740,0.01412,0.26688,
1752821064505781760,0.06233,-0.03512,0.04314,0.05638,0.99529,-0.05765,-0.05377,-0.09463,-0.01165,0.23137,
1752821064572439552,0.05486,-0.03485,0.05923,0.05211,0.99621,-0.06201,-0.03166,-0.11669,0.01935,0.25590,
1752821064639094016,0.03955,-0.03908,0.07499,0.04640,0.99688,-0.06371,0.00460,-0.18451,0.02822,0.27250,
1752821064705759232,0.02535,-0.03529,0.09343,0.04723,0.99602,-0.05981,0.04617,-0.20877,0.07580,0.27394,
1752821064772375552,0.01060,-0.02826,0.10989,0.04589,0.99327,-0.05498,0.09105,-0.21364,0.12502,0.21629,
1752821064838952192,-0.00350,-0.01679,0.12087,0.03798,0.99057,-0.03937,0.12563,-0.21156,0.22662,0.10196,
1752821064905572352,-0.02637,-0.00824,0.14801,0.02193,0.99063,-0.00679,0.13465,-0.23191,0.26342,0.03554,
1752821064972248832,-0.04455,0.00443,0.14429,0.01782,0.99165,0.03130,0.12381,-0.25528,0.23708,-0.06559,
1752821065038903296,-0.06455,0.01520,0.14038,0.02050,0.99247,0.06129,0.10407,-0.24417,0.13346,-0.12593,
1752821065105553920,-0.08054,0.01576,0.13490,0.02016,0.99460,0.06715,0.07655,-0.13476,-0.06103,-0.06671,
1752821065172204544,-0.08764,-0.00050,0.13267,0.03657,0.99562,0.04862,0.07093,-0.02306,-0.32243,-0.06989,
1752821065238857984,-0.08682,-0.03272,0.12406,0.04824,0.99736,-0.02485,0.04824,0.07472,-0.55975,-0.18094,
1752821065305490432,-0.07920,-0.06913,0.10907,0.05717,0.99132,-0.11816,0.00709,0.16079,-0.61160,-0.23166,
1752821065372146944,-0.06603,-0.10696,0.09269,0.06164,0.97861,-0.19413,-0.02886,0.22322,-0.47711,-0.23702,
1752821065438780672,-0.04448,-0.13027,0.08712,0.04006,0.97204,-0.22572,-0.05089,0.29912,-0.30944,-0.08649,
1752821065505391872,-0.01910,-0.12874,0.09184,0.03949,0.96588,-0.25418,-0.03029,0.31400,-0.12755,0.06413,
1752821065572000256,-0.00440,-0.12633,0.09325,0.03741,0.96471,-0.26061,0.00389,0.25075,0.10203,0.04915,
1752821065638635264,0.00225,-0.11595,0.09808,0.02197,0.96859,-0.24586,0.02997,0.13279,0.21620,0.08353,
1752821065705248512,0.01272,-0.10033,0.10466,0.02182,0.97486,-0.21682,0.04654,0.09431,0.27555,0.10337,
1752821065771902208,0.00555,-0.08530,0.10972,0.03963,0.97972,-0.18655,0.06145,-0.02104,0.28606,0.04529,
1752821065838534400,0.00323,-0.07043,0.10955,0.05024,0.98315,-0.16511,0.06031,-0.06500,0.25825,0.02397,
1752821065905191168,-0.00042,-0.05489,0.11419,0.06401,0.98542,-0.14420,0.06363,-0.06930,0.22517,0.06564,
1752821065971861248,-0.00466,-0.04215,0.11820,0.07307,0.98683,-0.12383,0.07410,-0.08493,0.15886,0.04641,
1752821066038554880,-0.01070,-0.03434,0.11958,0.07374,0.98834,-0.10802,0.07802,-0.09689,0.08598,0.00468,
1752821066105211136,-0.01614,-0.03026,0.11943,0.07055,0.98983,-0.09657,0.07701,-0.09638,0.02703,-0.02135,
1752821066171987200,-0.02222,-0.02895,0.11885,0.06489,0.99087,-0.09039,0.07609,-0.08719,-0.01450,-0.01607,
1752821066238554112,-0.02767,-0.03105,0.11807,0.05731,0.99131,-0.09036,0.07650,-0.08078,-0.05219,-0.00672,
1752821066305241088,-0.03307,-0.03344,0.11790,0.05134,0.99127,-0.09257,0.07858,-0.08866,-0.05148,0.00524,
1752821066371885824,-0.03903,-0.03663,0.11919,0.05021,0.99039,-0.10025,0.08096,-0.09486,-0.06302,0.03251,
1752821066438641664,-0.04651,-0.04003,0.12042,0.05418,0.98933,-0.10496,0.08526,-0.10753,-0.03872,0.03461,
1752821066505217280,-0.05374,-0.04112,0.12171,0.05470,0.98873,-0.10706,0.08917,-0.12179,-0.02748,0.02334,
1752821066571866624,-0.06220,-0.04491,0.12096,0.05767,0.98867,-0.10511,0.09032,-0.12345,-0.01599,0.01165,
1752821066638589952,-0.07001,-0.04457,0.12705,0.05517,0.98931,-0.10125,0.08930,-0.10500,-0.00320,0.06099,
1752821066705238016,-0.07548,-0.03757,0.13019,0.05310,0.98928,-0.09669,0.09566,-0.09020,0.04368,0.06636,
1752821066771905024,-0.08165,-0.03463,0.13385,0.05258,0.98996,-0.08634,0.09880,-0.06856,0.04894,0.06397,
1752821066838532352,-0.08696,-0.03788,0.13404,0.05282,0.99096,-0.06999,0.10153,-0.04040,0.01505,0.03202,
1752821066905197312,-0.08586,-0.03613,0.13134,0.05523,0.99086,-0.06533,0.10426,0.00223,-0.01206,-0.02747,
1752821066971842816,-0.08314,-0.03455,0.13059,0.05805,0.99090,-0.06937,0.09969,0.05442,-0.02351,-0.03062,
1752821067038492928,-0.07831,-0.03654,0.12897,0.06206,0.99049,-0.07635,0.09619,0.10438,-0.03968,-0.03355,
1752821067105147648,-0.07116,-0.03639,0.12892,0.06225,0.98988,-0.09091,0.08943,0.13127,-0.07255,-0.04255,
1752821067171802112,-0.06115,-0.04146,0.12552,0.06667,0.98890,-0.10206,0.08492,0.17072,-0.07831,-0.06088,
1752821067238462208,-0.04531,-0.03974,0.11466,0.06771,0.98675,-0.12106,0.08412,0.19389,-0.07211,-0.09216,
1752821067305124608,-0.03355,-0.04545,0.11580,0.06558,0.98588,-0.13342,0.07712,0.21775,-0.08521,-0.03202,
1752821067371780096,-0.01901,-0.05193,0.11449,0.06644,0.98385,-0.14694,0.07767,0.24154,-0.10096,-0.04422,
1752821067438441984,-0.00352,-0.05806,0.11247,0.06475,0.98136,-0.16382,0.07679,0.25457,-0.09518,-0.05402,
1752821067505115392,0.01438,-0.06335,0.10765,0.06286,0.97960,-0.17656,0.07245,0.28485,-0.09117,-0.08373,
1752821067571780864,0.03015,-0.07127,0.09972,0.06192,0.97733,-0.19031,0.06908,0.23605,-0.13426,-0.11292,
1752821067638447360,0.03954,-0.07698,0.09204,0.06354,0.97694,-0.19458,0.06070,0.10502,-0.06614,-0.10943,
1752821067705131776,0.04187,-0.07351,0.09087,0.05679,0.97792,-0.19519,0.04853,0.02687,0.01416,0.04435,
1752821067771790336,0.03829,-0.06501,0.09353,0.07325,0.97946,-0.17853,0.05849,-0.05381,0.10604,0.05220,
1752821067838373120,0.02955,-0.05580,0.09408,0.06899,0.98294,-0.15937,0.06059,-0.11344,0.12189,0.04496,
1752821067904968448,0.01896,-0.04991,0.09630,0.06599,0.98543,-0.14383,0.06240,-0.14193,0.07456,0.05287,
1752821067971650048,0.00617,-0.05281,0.09435,0.06952,0.98690,-0.12739,0.07046,-0.17130,0.02654,-0.00865,
1752821068038343424,-0.00539,-0.05140,0.09301,0.06774,0.98780,-0.12123,0.07049,-0.17185,0.02313,-0.02647,
1752821068105004800,-0.00289,-0.03853,0.09173,0.06545,0.98749,-0.12334,0.07324,-0.10482,0.06807,-0.01361,
1752821068171657728,-0.00806,-0.03573,0.09216,0.06289,0.98849,-0.11845,0.06999,-0.08263,0.05227,-0.00782,
1752821068238441728,-0.01295,-0.03234,0.09239,0.05837,0.98932,-0.11490,0.06805,-0.05723,0.03363,-0.00586,
1752821068304994304,-0.01554,-0.03123,0.09278,0.05563,0.98963,-0.11366,0.06790,-0.02853,0.01362,0.00441,
1752821068371699456,-0.01564,-0.03133,0.09358,0.05414,0.98940,-0.11516,0.06999,0.00288,0.00186,0.00531,
1752821068438308352,-0.01447,-0.03215,0.09413,0.05378,0.98908,-0.11642,0.07257,0.02594,-0.01328,-0.00127,
1752821068504963584,-0.01170,-0.03337,0.09429,0.05268,0.98867,-0.12181,0.07008,0.04563,-0.03647,-0.01416,
1752821068571626496,-0.00791,-0.03342,0.09504,0.05185,0.98771,-0.13148,0.06667,0.05208,-0.03180,0.00152,
1752821068638288128,-0.00488,-0.03590,0.09684,0.05192,0.98691,-0.13804,0.06518,0.06430,-0.03852,0.00335,
1752821068704935936,-0.00084,-0.03809,0.09753,0.05227,0.98578,-0.14627,0.06408,0.06996,-0.03744,0.00834,
1752821068771604480,0.00423,-0.04109,0.09845,0.05145,0.98474,-0.15432,0.06180,0.08541,-0.05142,0.00191,
1752821068838251776,0.01291,-0.04772,0.09999,0.05155,0.98373,-0.16169,0.05892,0.11889,-0.07292,0.00120,
1752821068904915456,0.02459,-0.05493,0.10058,0.05516,0.98259,-0.16836,0.05603,0.15731,-0.07234,-0.01570,
1752821068971576576,0.03622,-0.06129,0.09732,0.05808,0.98113,-0.17603,0.05495,0.16453,-0.08139,-0.05717,
1752821069038232576,0.04270,-0.06821,0.08899,0.06086,0.97958,-0.18516,0.04930,0.04651,-0.02628,-0.07221,
1752821069104898048,0.04392,-0.06713,0.08456,0.05159,0.98090,-0.18230,0.04393,0.04433,0.05213,0.01657,
1752821069171535104,0.04120,-0.06407,0.09172,0.06569,0.98227,-0.16965,0.04529,-0.04781,0.05040,0.11440,
1752821069238128896,0.02933,-0.05675,0.09245,0.06605,0.98351,-0.15834,0.05721,-0.11713,0.08093,0.08318,
1752821069304751616,0.02104,-0.05274,0.09769,0.06179,0.98443,-0.15140,0.06453,-0.12070,0.03870,0.07875,
1752821069371392256,0.01319,-0.05147,0.10167,0.06154,0.98448,-0.14795,0.07151,-0.11305,0.01082,0.04615,
1752821069438070784,-0.00021,-0.05682,0.09474,0.06625,0.98447,-0.14026,0.08224,-0.13698,0.01030,-0.01024,
1752821069504738304,-0.00263,-0.05102,0.09974,0.06283,0.98466,-0.14268,0.07837,-0.09506,0.02333,-0.01431,
1752821069571422464,-0.00104,-0.04587,0.10143,0.05663,0.98480,-0.14471,0.07765,-0.07445,0.02816,-0.00817,
1752821069638124544,-0.00304,-0.04622,0.10441,0.05393,0.98508,-0.14466,0.07604,-0.04084,0.01648,0.01035,
1752821069704760576,-0.00437,-0.04658,0.10527,0.05589,0.98413,-0.14828,0.07988,-0.01530,-0.00055,0.00429,
1752821069771413248,-0.00412,-0.04660,0.10524,0.05694,0.98283,-0.15307,0.08582,-0.00009,0.00548,-0.00682,
1752821069838156288,-0.00376,-0.04663,0.10540,0.05511,0.98258,-0.15603,0.08459,0.01053,-0.00083,-0.00658,
1752821069904761600,-0.00223,-0.04717,0.10550,0.05379,0.98242,-0.15891,0.08193,0.02388,-0.01030,0.00043,
1752821069971396096,-0.00030,-0.04841,0.10590,0.05357,0.98190,-0.16380,0.07860,0.03906,-0.02456,0.00315,
1752821070038099712,0.00301,-0.05066,0.10634,0.05227,0.98116,-0.16949,0.07664,0.06262,-0.03816,-0.00003,
1752821070104748288,0.00828,-0.05405,0.10691,0.05112,0.98039,-0.17624,0.07188,0.08625,-0.05011,-0.00210,
1752821070171419648,0.01521,-0.05827,0.10775,0.04634,0.97958,-0.18325,0.06853,0.12777,-0.06743,0.01404,
1752821070238061824,0.02564,-0.06476,0.10845,0.04491,0.97853,-0.18893,0.06910,0.16222,-0.09180,-0.00846,
1752821070304688384,0.03833,-0.07065,0.10403,0.04666,0.97760,-0.19391,0.06717,0.19107,-0.08496,-0.06940,
1752821070371410688,0.04562,-0.07032,0.09288,0.04112,0.97851,-0.19125,0.06516,0.01991,0.07140,-0.05912,
1752821070438019072,0.04511,-0.06276,0.09288,0.04087,0.98063,-0.18404,0.05314,-0.01583,0.09547,0.09129,
1752821070504719104,0.04074,-0.05560,0.09589,0.05524,0.98062,-0.17460,0.06960,-0.06469,0.10596,0.06166,
1752821070571282688,0.03451,-0.04983,0.09804,0.05063,0.98213,-0.16498,0.07508,-0.09307,0.08827,0.05322,
1752821070637884416,0.02596,-0.04586,0.10308,0.05143,0.98288,-0.15748,0.08066,-0.10145,0.06002,0.06981,
1752821070704560128,0.01725,-0.04309,0.10634,0.05599,0.98295,-0.15090,0.08889,-0.10190,0.05165,0.04451,
1752821070771243520,0.00891,-0.04629,0.10092,0.05589,0.98376,-0.13974,0.09785,-0.10962,0.01893,-0.01758,
1752821070837914112,0.00174,-0.04533,0.09898,0.05554,0.98446,-0.13549,0.09693,-0.10543,0.01136,-0.04300,
1752821070904556800,0.00333,-0.03919,0.10642,0.05117,0.98515,-0.13806,0.08828,-0.05562,0.00581,-0.01224,
1752821070971216896,0.00191,-0.03744,0.10835,0.05155,0.98544,-0.13665,0.08700,-0.03164,0.01132,0.00060,
1752821071037927936,0.00008,-0.03690,0.10845,0.05012,0.98565,-0.13632,0.08598,-0.01510,0.00760,0.00125,
1752821071104535808,0.00026,-0.03686,0.10844,0.04888,0.98551,-0.13753,0.08643,0.00905,-0.01189,-0.00134,
1752821071171186688,0.00150,-0.03816,0.10836,0.04766,0.98516,-0.14074,0.08591,0.02690,-0.02832,-0.00779,
1752821071237856512,0.00376,-0.04034,0.10832,0.04582,0.98463,-0.14598,0.08418,0.04600,-0.03850,-0.00461,
1752821071304496640,0.00652,-0.04317,0.10820,0.04549,0.98395,-0.15207,0.08155,0.06131,-0.04854,-0.00868,
1752821071371201024,0.01256,-0.04447,0.10850,0.04416,0.98290,-0.16055,0.07863,0.08459,-0.05408,-0.00349,
1752821071437829632,0.01921,-0.04543,0.10945,0.04244,0.98176,-0.17044,0.07271,0.10878,-0.07282,-0.00353,
1752821071504528128,0.02639,-0.05030,0.11007,0.04217,0.98044,-0.18084,0.06522,0.14374,-0.09757,0.00835,
1752821071571138560,0.03250,-0.05530,0.10924,0.04483,0.97789,-0.19486,0.06126,0.12938,-0.11719,-0.01039,
1752821071637805312,0.03589,-0.05779,0.10270,0.04525,0.97846,-0.19710,0.04138,-0.07420,0.11637,-0.21518,
1752821071704457472,0.03089,-0.05196,0.09738,0.03029,0.98058,-0.19316,0.01539,-0.03115,0.08102,0.01958,
1752821071771130368,0.02598,-0.04496,0.10092,0.06004,0.98046,-0.18373,0.03670,-0.07483,0.11601,0.06510,
1752821071837710080,0.02004,-0.03737,0.10422,0.05613,0.98210,-0.17524,0.04025,-0.08631,0.11101,0.05840,
1752821071904307712,0.01341,-0.03239,0.11299,0.04930,0.98356,-0.16783,0.04487,-0.08135,0.08393,0.12341,
1752821071970949632,0.01273,-0.02983,0.12591,0.04471,0.98465,-0.15993,0.05372,-0.05932,0.07792,0.13452,
1752821072037628672,-0.01754,-0.01430,0.09687,0.04150,0.98357,-0.15426,0.08412,-0.18031,0.12319,-0.00185,
1752821072104297728,-0.03770,-0.00962,0.10405,0.03638,0.98446,-0.14836,0.08658,-0.19341,0.11447,0.01423,
1752821072170955264,-0.04941,-0.01177,0.11104,0.03781,0.98599,-0.13456,0.09103,-0.15647,0.07727,-0.00474,
1752821072237667584,-0.05327,-0.01782,0.11810,0.03993,0.98734,-0.12292,0.09195,-0.07098,0.01905,-0.01140,
1752821072304319488,-0.04651,-0.02049,0.12209,0.04268,0.98716,-0.12166,0.09427,-0.00467,-0.02279,-0.03355,
1752821072370938368,-0.03424,-0.01943,0.12226,0.04290,0.98604,-0.12920,0.09583,0.03609,-0.03150,-0.05008,
1752821072437596928,-0.02927,-0.02096,0.12124,0.04154,0.98522,-0.13788,0.09278,0.05820,-0.05971,-0.04253,
1752821072504237056,-0.02491,-0.02406,0.11994,0.04460,0.98385,-0.14763,0.09084,0.08812,-0.06383,-0.03330,
1752821072570914048,-0.01771,-0.02824,0.11720,0.04603,0.98315,-0.15418,0.08673,0.13640,-0.06661,-0.05219,
1752821072637693440,-0.00618,-0.02996,0.11669,0.04656,0.98193,-0.16531,0.07945,0.17868,-0.09990,-0.05214,
1752821072704342016,0.00519,-0.03635,0.11504,0.04832,0.98072,-0.17757,0.06569,0.20521,-0.14397,-0.04647,
1752821072770979328,0.01647,-0.04364,0.11474,0.05379,0.97868,-0.19186,0.04985,0.20922,-0.14100,-0.00582,
1752821072837553664,0.02693,-0.04872,0.11471,0.06571,0.97533,-0.20726,0.03806,0.20283,-0.10438,-0.00154,
1752821072904244736,0.03618,-0.05312,0.11300,0.06942,0.97480,-0.21148,0.01473,0.18272,-0.10143,0.14184,
1752821072970908672,0.04282,-0.05056,0.11076,0.07152,0.97515,-0.20872,0.01989,0.14178,-0.04231,0.28681,
1752821073037526784,0.04722,-0.04758,0.11953,0.07697,0.97601,-0.19886,0.04400,0.11311,-0.03915,0.26040,
1752821073104385024,0.05483,-0.04756,0.13272,0.06568,0.97770,-0.19226,0.05317,0.14039,-0.06276,0.25321,
1752821073170770688,0.05265,-0.04171,0.13187,0.06175,0.97779,-0.18924,0.06565,0.12437,-0.03136,0.17604,
1752821073237402624,0.04051,-0.02304,0.12788,0.05614,0.97810,-0.18435,0.07869,0.07247,0.03821,0.09640,
1752821073304088576,0.03928,-0.01621,0.12783,0.04936,0.97868,-0.18051,0.08463,0.06581,0.03994,0.04415,
1752821073370728448,0.03291,-0.01165,0.12283,0.04570,0.97894,-0.17837,0.08815,0.03012,0.03075,-0.00728,
1752821073437381632,0.03206,-0.00853,0.12206,0.04508,0.97914,-0.17894,0.08502,0.02826,0.02123,-0.01754,
1752821073504015872,0.03477,-0.00721,0.12136,0.04670,0.97902,-0.17911,0.08521,0.04135,0.02756,-0.02476,
1752821073570760448,0.03674,-0.00559,0.11983,0.04331,0.97969,-0.17894,0.07951,0.04690,0.01591,-0.05126,
1752821073637329152,0.04086,-0.00507,0.11557,0.04261,0.97989,-0.17904,0.07705,0.04721,0.00744,-0.05477,
1752821073704033024,0.04330,-0.00512,0.11255,0.04409,0.97960,-0.18154,0.07399,0.04561,-0.00959,-0.06063,
1752821073770641152,0.04625,-0.00695,0.10777,0.04468,0.97954,-0.18343,0.06975,0.05155,-0.01210,-0.06821,
1752821073837296128,0.04664,-0.00826,0.10728,0.04281,0.97992,-0.18479,0.06144,0.05742,-0.01936,-0.05604,
1752821073903951872,0.05387,-0.00952,0.10041,0.04201,0.97941,-0.18729,0.06260,0.08688,-0.02163,-0.05713,
1752821073970597888,0.05997,-0.01296,0.09719,0.04050,0.97930,-0.18812,0.06275,0.10473,-0.03969,-0.06183,
1752821074037246464,0.06563,-0.01547,0.09265,0.03921,0.97909,-0.18926,0.06340,0.11111,-0.03598,-0.07835,
1752821074103896320,0.07456,-0.01831,0.08465,0.03911,0.97896,-0.18935,0.06518,0.12584,-0.02990,-0.11813,
1752821074170543360,0.08222,-0.02103,0.07597,0.03995,0.97936,-0.18933,0.05848,0.12833,-0.02868,-0.16410,
1752821074237204224,0.09035,-0.02326,0.06299,0.04218,0.97990,-0.18875,0.04892,0.11946,-0.00407,-0.19622,
1752821074303859968,0.09863,-0.02301,0.04474,0.04371,0.98090,-0.18666,0.03301,0.13261,0.02813,-0.21962,
1752821074370518272,0.10672,-0.02145,0.03854,0.04500,0.98228,-0.18000,0.02651,0.12737,0.03852,-0.19901,
1752821074437175040,0.11153,-0.01753,0.02323,0.04192,0.98324,-0.17651,0.01821,0.09029,0.03532,-0.21233,
1752821074503836160,0.11517,-0.01648,0.01193,0.03618,0.98356,-0.17682,0.00652,0.05506,0.01935,-0.15490,
1752821074570487040,0.11560,-0.01409,0.00289,0.03483,0.98416,-0.17383,0.00012,0.02703,0.01911,-0.12750,
1752821074637140480,0.11759,-0.01368,-0.00473,0.02700,0.98516,-0.16934,-0.00716,0.02756,0.02287,-0.10520,
1752821074703831808,0.11838,-0.01218,-0.01017,0.01539,0.98531,-0.16965,-0.01220,0.01056,0.01686,-0.06239,
1752821074770602240,0.11879,-0.01088,-0.01352,0.01349,0.98535,-0.16938,-0.01487,0.00663,0.02904,-0.01551,
1752821074837276416,0.11963,-0.00987,-0.01675,0.00775,0.98566,-0.16767,-0.01753,-0.00867,0.01719,-0.04112,
1752821074903901440,0.12066,-0.00973,-0.01482,0.00236,0.98638,-0.16286,-0.02275,-0.00965,0.01201,0.03230,
1752821074970602496,0.12055,-0.00956,-0.01466,0.00529,0.98687,-0.15990,-0.02234,-0.00404,0.01120,0.00327,
1752821075037399296,0.12066,-0.00957,-0.01547,0.00480,0.98738,-0.15698,-0.02037,0.00858,0.00536,-0.00144,
1752821075104046592,0.12081,-0.00958,-0.01569,0.00465,0.98751,-0.15633,-0.01916,0.00496,0.00161,-0.00197,
1752821075170643456,0.12118,-0.01048,-0.01576,0.00316,0.98819,-0.15210,-0.01833,0.00704,0.00072,-0.00214,
1752821075237350400,0.12102,-0.01098,-0.01569,0.00354,0.98866,-0.14909,-0.01776,0.00559,0.00003,-0.00117,
1752821075303973376,0.12067,-0.01140,-0.01593,0.00374,0.98899,-0.14698,-0.01702,0.00125,-0.00042,-0.00085,
1752821075370602752,0.12089,-0.01159,-0.01565,0.00324,0.98901,-0.14676,-0.01733,0.00130,-0.00031,-0.00034,
1752821075437273600,0.12089,-0.01160,-0.01566,0.00328,0.98904,-0.14662,-0.01716,0.00063,-0.00012,-0.00049,
1752821075503935488,0.12092,-0.01161,-0.01567,0.00329,0.98905,-0.14653,-0.01703,0.00065,-0.00017,-0.00090,
1752821075570572800,0.12091,-0.01164,-0.01565,0.00329,0.98908,-0.14636,-0.01713,0.00110,-0.00013,-0.00064,
1752821075637231872,0.12092,-0.01165,-0.01567,0.00324,0.98908,-0.14635,-0.01696,0.00104,-0.00003,-0.00092,
1752821075703946240,0.12093,-0.01165,-0.01568,0.00321,0.98909,-0.14633,-0.01697,0.00105,0.00030,-0.00061,
1752821075770544640,0.12093,-0.01165,-0.01569,0.00314,0.98909,-0.14632,-0.01693,0.00041,-0.00002,-0.00078,
1752821075837201664,0.12094,-0.01165,-0.01570,0.00310,0.98909,-0.14630,-0.01689,0.00120,-0.00010,-0.00100,
1752821075903856896,0.12095,-0.01166,-0.01571,0.00300,0.98910,-0.14629,-0.01674,0.00084,0.00018,-0.00161,
1752821075970562048,0.12094,-0.01168,-0.01570,0.00293,0.98911,-0.14622,-0.01674,0.00106,0.00016,-0.00085,
1752821076037186816,0.12097,-0.01167,-0.01572,0.00299,0.98911,-0.14621,-0.01678,0.00194,0.00013,-0.00121,
1752821076103815424,0.12094,-0.01168,-0.01571,0.00285,0.98912,-0.14616,-0.01672,0.00114,0.00010,-0.00069,
1752821076170464768,0.12083,-0.01230,-0.01606,0.00280,0.98942,-0.14417,-0.01585,0.00118,0.00026,-0.00104,
1752821076237180160,0.12082,-0.01232,-0.01605,0.00273,0.98944,-0.14407,-0.01587,0.00120,0.00061,-0.00139,
1752821076303781120,0.12083,-0.01233,-0.01605,0.00269,0.98944,-0.14402,-0.01587,0.00108,0.00027,-0.00170,
1752821076370441984,0.12081,-0.01236,-0.01606,0.00264,0.98946,-0.14390,-0.01587,0.00079,0.00015,-0.00133,
1752821076437132032,0.12080,-0.01237,-0.01607,0.00255,0.98947,-0.14386,-0.01586,0.00083,0.00011,-0.00141,
1752821076503744768,0.12081,-0.01236,-0.01604,0.00263,0.98946,-0.14387,-0.01596,0.00109,0.00062,-0.00123,
1752821076570401536,0.12082,-0.01237,-0.01605,0.00258,0.98947,-0.14383,-0.01589,0.00118,0.00016,-0.00165,
1752821076636925952,0.12081,-0.01238,-0.01606,0.00252,0.98948,-0.14379,-0.01590,0.00071,0.00025,-0.00089,
1752821076703715072,0.12081,-0.01239,-0.01605,0.00251,0.98948,-0.14376,-0.01592,0.00124,-0.00008,-0.00113,
1752821076770368000,0.12082,-0.01238,-0.01604,0.00251,0.98948,-0.14377,-0.01597,0.00186,-0.00010,-0.00124,
1752821076837033728,0.12081,-0.01238,-0.01606,0.00245,0.98948,-0.14377,-0.01592,0.00158,-0.00018,-0.00144,
1752821076903678208,0.12082,-0.01237,-0.01607,0.00246,0.98948,-0.14378,-0.01588,0.00210,0.00034,-0.00093,
1752821076970338816,0.12082,-0.01237,-0.01608,0.00238,0.98948,-0.14377,-0.01586,0.00139,0.00070,-0.00084,
1752821077036991488,0.12082,-0.01239,-0.01608,0.00228,0.98949,-0.14371,-0.01590,0.00086,0.00075,-0.00073,
1752821077103653888,0.12081,-0.01239,-0.01608,0.00225,0.98949,-0.14371,-0.01593,0.00089,0.00062,-0.00074,
1752821077170308608,0.12081,-0.01238,-0.01608,0.00225,0.98949,-0.14373,-0.01592,0.00182,-0.00009,-0.00140,
1752821077236980480,0.12082,-0.01238,-0.01610,0.00225,0.98949,-0.14373,-0.01587,0.00211,0.00010,-0.00147,
1752821077303613952,0.12082,-0.01238,-0.01612,0.00218,0.98949,-0.14372,-0.01583,0.00180,0.00036,-0.00096,
1752821077370281216,0.12082,-0.01238,-0.01611,0.00216,0.98949,-0.14369,-0.01586,0.00113,0.00068,-0.00061,
1752821077436925696,0.12081,-0.01239,-0.01610,0.00210,0.98950,-0.14367,-0.01594,0.00065,0.00072,-0.00086,
1752821077503588864,0.12081,-0.01240,-0.01609,0.00210,0.98950,-0.14363,-0.01601,0.00130,0.00008,-0.00112,
1752821077570234880,0.12081,-0.01241,-0.01610,0.00200,0.98951,-0.14358,-0.01602,0.00203,-0.00050,-0.00166,
1752821077636888576,0.12081,-0.01240,-0.01611,0.00198,0.98950,-0.14361,-0.01600,0.00225,-0.00026,-0.00123,
1752821077703548160,0.12081,-0.01239,-0.01612,0.00198,0.98950,-0.14362,-0.01599,0.00174,0.00060,-0.00091,
1752821077770205184,0.12081,-0.01241,-0.01612,0.00193,0.98951,-0.14358,-0.01602,0.00111,0.00062,-0.00089,
1752821077836865536,0.12080,-0.01241,-0.01610,0.00184,0.98951,-0.14355,-0.01609,0.00047,0.00044,-0.00082,
1752821077903514112,0.12081,-0.01242,-0.01610,0.00176,0.98951,-0.14353,-0.01613,0.00135,-0.00008,-0.00151,
1752821077970167296,0.12081,-0.01240,-0.01609,0.00175,0.98951,-0.14357,-0.01619,0.00172,-0.00020,-0.00152,
1752821078036821248,0.12081,-0.01240,-0.01610,0.00173,0.98951,-0.14357,-0.01620,0.00190,0.00011,-0.00103,
1752821078103372288,0.12081,-0.01241,-0.01610,0.00173,0.98951,-0.14352,-0.01621,0.00154,0.00048,-0.00086,
1752821078170129152,0.12081,-0.01241,-0.01610,0.00164,0.98951,-0.14352,-0.01625,0.00072,0.00054,-0.00064,
1752821078236788224,0.12081,-0.01240,-0.01608,0.00163,0.98951,-0.14355,-0.01634,0.00059,0.00052,-0.00064,
1752821078303463168,0.12080,-0.01241,-0.01607,0.00158,0.98951,-0.14352,-0.01640,0.00153,-0.00041,-0.00113,
1752821078370093312,0.12080,-0.01241,-0.01607,0.00158,0.98951,-0.14352,-0.01641,0.00219,-0.00061,-0.00127,
1752821078436748800,0.12080,-0.01242,-0.01610,0.00155,0.98952,-0.14349,-0.01635,0.00200,-0.00009,-0.00132,
1752821078503410944,0.12079,-0.01242,-0.01608,0.00154,0.98951,-0.14349,-0.01643,0.00060,0.00076,-0.00073,
1752821078570091776,0.12078,-0.01243,-0.01609,0.00145,0.98952,-0.14344,-0.01647,0.00030,0.00058,-0.00078,
1752821078636723200,0.12075,-0.01247,-0.01608,0.00138,0.98954,-0.14332,-0.01654,0.00087,-0.00024,-0.00096,
1752821078703373568,0.12075,-0.01247,-0.01609,0.00138,0.98954,-0.14330,-0.01655,0.00204,-0.00061,-0.00145,
1752821078770068224,0.12076,-0.01242,-0.01609,0.00138,0.98951,-0.14348,-0.01656,0.00172,-0.00001,-0.00107,
1752821078836694784,0.12077,-0.01238,-0.01608,0.00134,0.98949,-0.14367,-0.01658,0.00107,0.00075,-0.00087,
1752821078903340544,0.12070,-0.01227,-0.01606,0.00073,0.98976,-0.14187,-0.01563,-0.00177,0.00315,-0.00155,
1752821078970014976,0.12077,-0.01187,-0.01613,0.00210,0.99030,-0.13800,-0.01591,0.00764,0.02347,-0.00257,
1752821079036662016,0.12055,-0.01089,-0.01581,-0.00330,0.99197,-0.12363,-0.02662,-0.01425,0.01719,-0.00290,
1752821079103312896,0.12071,-0.00976,-0.01138,-0.00317,0.99303,-0.10842,-0.04603,0.01226,0.02063,0.16085,
1752821079169963776,0.12241,-0.00926,0.00622,-0.01097,0.99449,-0.10178,-0.02235,0.03053,-0.01735,0.34611,
1752821079236616704,0.12241,-0.00913,0.03052,-0.03068,0.99396,-0.10505,0.00787,-0.03571,0.04425,0.36176,
1752821079303270400,0.11970,-0.00412,0.05596,-0.06207,0.99476,-0.07764,0.02396,-0.04274,0.08848,0.38624,
1752821079369948160,0.11610,-0.00144,0.07822,-0.08096,0.99384,-0.05938,0.04689,-0.06043,-0.03406,0.25103,
1752821079436635648,0.10938,-0.00567,0.08558,-0.05169,0.99586,-0.05656,0.04884,-0.12488,-0.08854,0.04173,
1752821079503107840,0.09321,-0.00779,0.07524,-0.02534,0.99814,-0.05444,0.01041,-0.19154,0.01737,-0.03546,
1752821079569737216,0.08859,0.00059,0.08743,-0.05211,0.99674,-0.06140,-0.00495,-0.01240,0.13045,0.16388,
1752821079636363520,0.08595,0.01239,0.11193,-0.06094,0.99593,-0.04358,0.05002,0.00336,0.01555,0.08528,
1752821079703016960,0.08836,0.00158,0.10472,-0.06699,0.99501,-0.06726,0.03077,-0.02004,0.07715,0.08688,
1752821079769637632,0.09392,0.00112,0.11288,-0.05726,0.99452,-0.06899,0.05379,0.00636,-0.09227,-0.05090,
1752821079836304384,0.08412,-0.00639,0.10829,-0.06841,0.99184,-0.09690,0.04675,-0.01042,-0.06058,0.05643,
1752821079902926848,0.09203,-0.00186,0.11181,-0.04884,0.99150,-0.11556,0.03452,0.01244,0.08899,0.08136,
1752821079969588736,0.08981,0.00197,0.11437,-0.03310,0.99322,-0.10668,0.03216,0.00535,-0.06462,-0.02100,
1752821080036272128,0.08531,-0.00676,0.10391,-0.04037,0.99155,-0.11764,0.03700,-0.03293,-0.09651,-0.06037,
1752821080102879488,0.09540,-0.01491,0.11927,-0.04022,0.98454,-0.17040,0.00542,0.05969,0.12504,0.12388,
1752821080169547264,0.09825,-0.00273,0.12055,-0.02025,0.98881,-0.14432,0.03193,-0.03458,-0.05039,-0.07494,
1752821080236183808,0.10287,0.00469,0.12769,-0.05049,0.98842,-0.13838,0.03632,0.05054,0.03317,0.12647,
1752821080302860288,0.10331,0.00430,0.12815,-0.03525,0.98776,-0.14806,0.03423,-0.00721,0.15856,0.07157,
1752821080369504000,0.07300,-0.04663,0.14718,-0.04646,0.98857,-0.13082,0.05887,-0.06975,-0.17391,-0.01688,
1752821080436158720,0.09985,-0.04151,0.13382,-0.05469,0.98920,-0.13024,0.03918,0.05094,0.02994,0.16746,
1752821080502812928,0.10568,0.01284,0.14071,-0.04031,0.99161,-0.11146,0.05149,-0.01115,0.03156,-0.03545,
1752821080569470720,0.10708,0.01752,0.14540,-0.06435,0.98967,-0.11855,0.04859,0.05701,-0.00964,0.09312,
1752821080636114688,0.10225,0.02134,0.14626,-0.04007,0.98973,-0.13192,0.03785,-0.01496,0.08608,0.01605,
1752821080702775552,0.15626,0.02148,0.12833,-0.04749,0.98975,-0.12430,0.05180,0.16257,-0.04013,-0.02161,
1752821080769430272,0.11738,0.02560,0.14994,-0.06222,0.98921,-0.12578,0.04210,0.09715,0.23172,0.20651,
1752821080836081664,0.12378,0.03415,0.16062,-0.07534,0.98823,-0.09240,0.09583,0.03920,-0.05506,-0.14877,
1752821080902838016,0.12385,0.03620,0.15501,-0.07916,0.99009,-0.10710,0.04463,0.08103,0.10737,0.17051,
1752821080969402880,0.13033,0.03520,0.15864,-0.05616,0.99046,-0.11000,0.06112,0.04458,-0.10182,-0.15543,
1752821081036064256,0.13531,0.04191,0.16520,-0.08996,0.98772,-0.11150,0.06225,0.17923,0.13289,0.31674,
1752821081102731008,0.14038,0.03883,0.16319,-0.04934,0.98993,-0.12589,0.04183,-0.02991,-0.04405,-0.22278,
1752821081169377280,0.15017,0.04668,0.17206,-0.08846,0.98556,-0.11947,0.08102,0.22430,0.05729,0.26215,
1752821081236023040,0.15401,0.04274,0.16185,-0.04788,0.98854,-0.14120,0.02383,-0.01329,0.04171,-0.17220,
1752821081302701312,0.16844,0.04905,0.16797,-0.07305,0.98572,-0.13431,0.07064,0.26891,0.03878,0.06872,
1752821081369336320,0.17974,0.04649,0.15649,-0.04310,0.98661,-0.14709,0.05579,0.11152,-0.04827,-0.26121,
1752821081436004352,0.18989,0.04313,0.14010,-0.01508,0.98743,-0.14818,0.05289,0.21412,-0.08024,-0.22015,
1752821081502671616,0.19006,0.04315,0.12159,-0.00501,0.98258,-0.17525,0.06157,0.15597,0.04049,-0.27754,
1752821081569315072,0.14889,0.04050,0.11312,-0.00374,0.98925,-0.14281,0.03118,0.05466,0.10758,-0.18747,
1752821081635960320,0.10212,0.08617,0.10273,-0.00891,0.99086,-0.13254,0.02367,-0.01046,0.10411,-0.08946,
1752821081702611712,0.17972,0.02294,0.09249,-0.01286,0.99062,-0.13489,0.01757,0.13416,-0.02160,-0.09436,
1752821081769287680,0.14447,0.02375,0.10417,-0.00674,0.99057,-0.13506,0.02188,0.02438,-0.02139,-0.09096,
1752821081835924736,0.14579,0.01711,0.09994,-0.00275,0.99047,-0.13665,0.01703,0.00487,0.00992,-0.06416,
1752821081902577152,0.14474,0.01851,0.09739,-0.00638,0.99027,-0.13867,0.00947,0.00851,-0.02026,-0.04721,
1752821081969295872,0.14653,0.01794,0.09115,-0.00976,0.98960,-0.14350,0.00118,0.00498,-0.01513,-0.05283,
1752821082035908096,0.14591,0.01694,0.08781,-0.01362,0.98844,-0.15045,-0.01273,0.00037,-0.01706,-0.08859,
1752821082102564352,0.14628,0.01634,0.08255,-0.01458,0.98731,-0.15389,-0.03649,0.01038,-0.00177,-0.07529,
1752821082169250560,0.14674,0.01627,0.07862,-0.01660,0.98688,-0.15349,-0.04732,0.00149,0.00365,-0.03438,
1752821082235920128,0.14742,0.01663,0.07963,-0.01952,0.98763,-0.15149,-0.03545,0.02865,0.00386,0.00670,
1752821082302651904,0.14772,0.01700,0.07939,-0.02143,0.98801,-0.15032,-0.02799,0.00170,0.00439,-0.00258,
1752821082369327616,0.14800,0.01686,0.07868,-0.01873,0.98811,-0.15090,-0.02254,0.00349,0.00064,-0.00585,
1752821082436027648,0.14862,0.01742,0.07882,-0.00974,0.98817,-0.15149,-0.02186,0.00724,0.01605,-0.00522,
1752821082502693120,0.14899,0.01770,0.07895,-0.00005,0.98901,-0.14639,-0.02079,0.00496,-0.00466,0.00990,
1752821082569385216,0.14908,0.01724,0.07864,0.00262,0.99011,-0.13908,-0.01832,0.00745,0.00235,0.00188,
1752821082636039680,0.14904,0.01692,0.07815,0.00325,0.99079,-0.13396,-0.01935,-0.00067,0.00148,-0.00103,
1752821082702692096,0.14914,0.01619,0.07871,-0.00058,0.99138,-0.12958,-0.01927,0.00272,0.00149,-0.00119,
1752821082769349120,0.14911,0.01592,0.07858,0.00062,0.99163,-0.12777,-0.01860,-0.00061,-0.00015,-0.00075,
1752821082836036352,0.14915,0.01521,0.07863,0.00051,0.99202,-0.12466,-0.01883,-0.00069,0.00029,-0.00072,
1752821082902658816,0.14921,0.01512,0.07864,0.00056,0.99208,-0.12418,-0.01891,0.00067,-0.00111,-0.00014,
1752821082969312000,0.14925,0.01510,0.07872,0.00069,0.99208,-0.12409,-0.01932,0.00016,0.00036,-0.00048,
1752821083035969792,0.14924,0.01510,0.07874,0.00055,0.99208,-0.12406,-0.01950,-0.00046,0.00053,-0.00019,
1752821083102624768,0.14923,0.01509,0.07873,0.00053,0.99209,-0.12404,-0.01944,0.00109,-0.00068,-0.00018,
1752821083169281536,0.14922,0.01510,0.07867,0.00049,0.99209,-0.12403,-0.01914,0.00056,-0.00010,-0.00016,
1752821083235943168,0.14923,0.01509,0.07867,0.00051,0.99210,-0.12399,-0.01915,-0.00010,0.00030,-0.00039,
1752821083302599168,0.14923,0.01509,0.07867,0.00048,0.99210,-0.12398,-0.01915,-0.00011,0.00014,-0.00095,
1752821083369246720,0.14929,0.01509,0.07873,0.00040,0.99209,-0.12400,-0.01950,0.00112,-0.00026,-0.00075,
1752821083435910400,0.14933,0.01511,0.07872,0.00040,0.99208,-0.12407,-0.01945,0.00004,-0.00004,-0.00077,
1752821083502562304,0.14930,0.01511,0.07866,0.00041,0.99209,-0.12407,-0.01917,-0.00005,0.00022,-0.00044,
1752821083569220352,0.14930,0.01511,0.07866,0.00041,0.99209,-0.12407,-0.01917,-0.00016,0.00032,-0.00040,
1752821083635863040,0.14930,0.01511,0.07866,0.00041,0.99209,-0.12405,-0.01918,-0.00036,0.00004,-0.00081,
1752821083702522368,0.14929,0.01511,0.07866,0.00040,0.99209,-0.12406,-0.01920,-0.00063,0.00056,-0.00058,
1752821083769172480,0.14929,0.01512,0.07867,0.00041,0.99209,-0.12407,-0.01923,0.00030,-0.00040,-0.00038,
1752821083835829248,0.14929,0.01511,0.07866,0.00039,0.99209,-0.12404,-0.01921,0.00064,-0.00061,-0.00064,
1752821083902490112,0.14929,0.01511,0.07867,0.00043,0.99209,-0.12403,-0.01922,-0.00043,0.00066,-0.00079,
1752821083969145344,0.14930,0.01511,0.07867,0.00041,0.99209,-0.12401,-0.01924,0.00020,-0.00006,-0.00048,
1752821084035817728,0.14931,0.01512,0.07867,0.00043,0.99209,-0.12406,-0.01926,0.00035,-0.00012,-0.00053,
1752821084102452224,0.14936,0.01505,0.07823,0.00041,0.99213,-0.12372,-0.01908,-0.00058,-0.00011,-0.00106,
1752821084169111296,0.14938,0.01514,0.07868,0.00077,0.99215,-0.12365,-0.01884,0.00347,0.00024,-0.00037,
1752821084235765760,0.14941,0.01518,0.07866,0.00072,0.99214,-0.12376,-0.01850,-0.00018,-0.00017,-0.00087,
1752821084302437632,0.14946,0.01520,0.07863,0.00031,0.99204,-0.12459,-0.01810,0.00325,0.00078,-0.00097,
1752821084369083904,0.14946,0.01521,0.07861,0.00018,0.99206,-0.12450,-0.01804,-0.00074,-0.00060,-0.00104,
1752821084435756288,0.14939,0.01525,0.07865,0.00060,0.99232,-0.12239,-0.01820,-0.00352,0.00024,-0.00016,
1752821084502395904,0.14940,0.01517,0.07814,-0.00046,0.99234,-0.12227,-0.01753,0.00067,-0.00211,-0.00108,
1752821084569047808,0.14934,0.01520,0.07852,-0.00129,0.99226,-0.12301,-0.01681,0.00226,0.00087,-0.00114,
1752821084635709696,0.14952,0.01478,0.07851,-0.00185,0.99162,-0.12816,-0.01615,0.00194,-0.00679,0.00063,
1752821084702356224,0.14980,0.01454,0.07833,-0.00266,0.99090,-0.13382,-0.01454,0.00897,-0.00437,-0.00419,
1752821084769016064,0.14984,0.01439,0.07828,-0.00263,0.99082,-0.13445,-0.01406,-0.00515,0.00559,-0.00133,
1752821084835696128,0.14968,0.01422,0.07841,-0.00190,0.99130,-0.13079,-0.01494,-0.00343,0.00210,0.00057,
1752821084902329344,0.14970,0.01429,0.07838,-0.00208,0.99128,-0.13093,-0.01464,0.00128,-0.00157,-0.00086,
1752821084968983040,0.14980,0.01433,0.07809,-0.00209,0.99120,-0.13160,-0.01443,0.00056,-0.00012,0.00015,
1752821085035740160,0.14990,0.01428,0.07839,-0.00252,0.99092,-0.13373,-0.01390,0.00487,-0.00374,-0.00041,
1752821085102301952,0.15006,0.01443,0.07840,-0.00073,0.99080,-0.13462,-0.01358,-0.00433,0.00162,0.00009,
1752821085169036032,0.14991,0.01443,0.07846,0.00015,0.99100,-0.13318,-0.01365,-0.00407,0.00408,-0.00131,
1752821085235592192,0.14944,0.01448,0.07852,-0.00072,0.99161,-0.12832,-0.01554,-0.02337,-0.00541,0.00188,
1752821085302248448,0.14505,0.01225,0.07876,-0.00537,0.99135,-0.12930,-0.02177,-0.09754,-0.10238,0.00601,
1752821085368929536,0.13694,0.00794,0.08355,-0.00085,0.98800,-0.15115,-0.03188,-0.12913,-0.05875,0.16611,
1752821085435558912,0.12619,0.00209,0.09840,0.01515,0.98738,-0.15654,-0.01854,-0.19216,-0.09177,0.24875,
1752821085502213888,0.11170,0.00097,0.11722,0.00336,0.98790,-0.15507,-0.00148,-0.22673,0.06311,0.34228,
1752821085568872960,0.09639,0.01218,0.14481,-0.10073,0.98480,-0.12059,0.07404,-0.22930,0.23265,0.46522,
1752821085635524608,0.07865,0.02908,0.17631,-0.22528,0.96185,-0.05949,0.14337,-0.27255,0.27851,0.44869,
1752821085702201088,0.05840,0.04731,0.20540,-0.32470,0.92630,0.02140,0.18996,-0.29942,0.21744,0.40763,
1752821085768757760,0.03885,0.05598,0.22623,-0.42008,0.87462,0.06154,0.23405,-0.26668,0.10666,0.22363,
1752821085835365376,0.03428,0.04632,0.22945,-0.48348,0.83534,0.11083,0.23700,-0.18699,0.07722,0.12316,
1752821085902049536,0.03695,0.04227,0.23408,0.52739,-0.79752,-0.14896,-0.25224,-0.07261,-0.02346,0.05659,
1752821085968732928,0.03804,0.03934,0.23677,0.54220,-0.78370,-0.16020,-0.25724,0.06217,-0.02814,-0.01327,
1752821086035390208,0.03770,0.04271,0.23845,0.54694,-0.78426,-0.13458,-0.26014,0.03777,0.00862,0.00164,
1752821086102074112,0.03921,0.03628,0.24065,0.55731,-0.77548,-0.13234,-0.26558,0.01313,-0.04843,0.02923,
1752821086168740096,0.05049,0.02298,0.25801,0.55928,-0.78168,-0.11828,-0.24938,0.22906,-0.14893,0.10005,
1752821086235412480,0.03728,0.03534,0.23514,0.53638,-0.79484,-0.10549,-0.26345,0.04511,-0.01894,-0.02520,
1752821086302068224,0.04045,0.03453,0.23344,0.51483,-0.81200,-0.08776,-0.26058,0.06962,-0.02961,-0.02632,
1752821086368752384,0.04789,0.03009,0.22758,-0.46740,0.84680,0.05494,0.24789,0.14645,-0.06737,-0.13417,
1752821086435418112,0.06267,0.02277,0.21568,-0.38074,0.90124,-0.00643,0.20677,0.23538,-0.13665,-0.22858,
1752821086502062080,0.07476,0.01140,0.20316,-0.27530,0.94618,-0.06862,0.15570,0.12607,-0.16580,-0.23571,
1752821086568704256,0.07988,-0.00064,0.18658,-0.15587,0.97763,-0.12160,0.07186,0.01743,-0.16946,-0.22528,
1752821086635358208,0.07968,-0.00986,0.17476,-0.05898,0.98413,-0.16647,0.01735,-0.00893,-0.16069,-0.12252,
1752821086702024192,0.07687,-0.01924,0.16627,0.04543,0.97519,-0.21362,-0.03616,-0.06987,-0.13385,-0.10159,
1752821086768612096,0.07030,-0.03825,0.16570,0.14936,0.95031,-0.25787,-0.09009,-0.08622,-0.14932,-0.02370,
1752821086835168512,0.05800,-0.05017,0.15683,0.24342,0.91366,-0.29465,-0.13837,-0.09541,-0.07746,0.00063,
1752821086901786368,0.06013,-0.04990,0.16335,0.31711,0.87999,-0.30718,-0.17520,-0.03181,0.00158,0.03462,
1752821086968416768,0.06866,-0.01767,0.16498,0.38002,0.85074,-0.30272,-0.20045,0.01966,0.11364,0.02665,
1752821087035052288,0.06731,-0.03539,0.16969,0.42350,0.82545,-0.29978,-0.22230,0.03252,0.03914,0.04125,
1752821087101596928,0.05495,-0.06717,0.16487,0.45538,0.80392,-0.30395,-0.23228,-0.00422,-0.07422,0.02533,
1752821087168100096,0.05251,-0.06992,0.16763,0.47576,0.78930,-0.30769,-0.23661,0.03016,-0.03965,-0.00086,
1752821087234680320,0.05067,-0.06615,0.16356,0.45923,0.80116,-0.31488,-0.21931,0.10162,0.03094,-0.07986,
1752821087301115136,0.05725,-0.06323,0.15711,0.41069,0.83251,-0.32241,-0.18522,0.15352,0.09389,-0.10853,
1752821087367696896,0.06644,-0.05143,0.14846,0.29695,0.88968,-0.31762,-0.13932,0.20888,0.27072,-0.14770,
1752821087434243584,0.10720,-0.04761,0.14007,0.14255,0.93969,-0.29850,-0.08693,0.37290,0.26736,-0.02322,
1752821087500906240,0.13019,-0.02938,0.14089,0.01400,0.97467,-0.22232,-0.01975,0.27022,0.26412,0.05555,
1752821087567693312,0.14409,-0.01669,0.14765,-0.08978,0.97945,-0.17793,0.03081,0.15384,0.11128,0.12536,
1752821087634519808,0.14188,-0.00935,0.15035,-0.19553,0.96232,-0.17724,0.06559,0.08258,0.06289,0.05279,
1752821087701319168,0.15467,-0.00706,0.15961,-0.26878,0.94867,-0.13779,0.09377,0.13839,0.17223,0.15166,
1752821087768077056,0.17156,0.00697,0.17246,-0.32466,0.93054,-0.07145,0.15358,0.13747,0.13707,0.19172,
1752821087834823936,0.12244,0.05608,0.20526,-0.36522,0.90879,0.00846,0.20158,-0.06316,0.34637,0.27747,
1752821087901499136,0.18232,0.03925,0.20283,-0.39035,0.88635,0.11421,0.22129,0.04835,0.18880,0.22449,
1752821087968221184,0.10942,0.08441,0.23329,-0.40265,0.85768,0.19632,0.25242,-0.20040,0.19648,0.23813,
1752821088034895104,0.09830,0.09405,0.24368,-0.39916,0.83442,0.27607,0.26115,-0.16932,0.14401,0.09350,
1752821088101588992,0.09359,0.09964,0.24370,-0.36988,0.83137,0.33554,0.24379,-0.09413,0.14059,-0.03357,
1752821088168319744,0.09663,0.10369,0.23584,-0.32364,0.84650,0.36625,0.21106,0.10775,0.08209,-0.20204,
1752821088234992896,0.10770,0.10562,0.21807,-0.26060,0.88776,0.33847,0.17151,0.25944,-0.04586,-0.32304,
1752821088301619200,0.12783,0.09804,0.19129,-0.19358,0.94197,0.25841,0.09182,0.29883,-0.20372,-0.45654,
1752821088368274432,0.14628,0.07890,0.16090,-0.11267,0.97950,0.16701,-0.00085,0.23220,-0.35394,-0.47287,
1752821088434922752,0.15924,0.05488,0.13571,-0.03580,0.99320,0.08462,-0.07156,0.18133,-0.42555,-0.34460,
1752821088501539584,0.16672,0.02486,0.11605,0.04194,0.98955,-0.01013,-0.13761,0.11763,-0.40646,-0.20871,
1752821088568215808,0.17937,-0.00371,0.10894,0.08107,0.98124,-0.09882,-0.14430,0.26168,-0.33162,0.03327,
1752821088634966016,0.19321,-0.02027,0.11336,0.06000,0.97729,-0.16909,-0.11272,0.24629,-0.19116,0.13120,
1752821088701604096,0.20003,-0.04192,0.12389,0.03465,0.96780,-0.23689,-0.07779,0.15852,-0.21522,0.15666,
1752821088768269056,0.21086,-0.04005,0.13784,0.00762,0.95518,-0.29120,-0.05264,0.12409,-0.06868,0.16009,
1752821088834913024,0.22783,-0.04353,0.14482,-0.03974,0.95827,-0.28191,-0.02586,0.18963,0.10242,0.22203,
1752821088901496832,0.24620,-0.00557,0.15943,-0.11668,0.96995,-0.21193,0.02581,0.19975,0.25323,0.35982,
1752821088968067328,0.24960,-0.02258,0.19023,-0.21371,0.96133,-0.14276,0.09897,0.06000,0.13678,0.35598,
1752821089034695424,0.24896,-0.01121,0.21171,-0.28146,0.95010,-0.04171,0.12787,-0.06609,0.15072,0.28651,
1752821089101350144,0.24622,-0.00551,0.22587,-0.31630,0.93542,0.04212,0.15221,-0.02845,0.08015,0.12966,
1752821089167999488,0.22929,0.05895,0.20132,-0.29672,0.93317,0.14005,0.14679,-0.06557,0.18506,-0.11643,
1752821089234692608,0.25001,0.06433,0.19555,-0.26208,0.93893,0.18570,0.12344,0.09428,0.10557,-0.22767,
1752821089301379328,0.27016,0.06654,0.18084,-0.21303,0.95325,0.19968,0.07783,0.20429,-0.00591,-0.33902,
1752821089368025088,0.25992,0.07116,0.14881,-0.16414,0.97214,0.16687,0.01270,0.20733,-0.09740,-0.33248,
1752821089434686720,0.30229,0.04921,0.13546,-0.10976,0.98660,0.10716,-0.05551,0.25143,-0.26934,-0.35067,
1752821089501367040,0.31823,0.02789,0.11366,-0.04944,0.99108,0.03603,-0.11839,0.24649,-0.36438,-0.28791,
1752821089568010752,0.33593,0.00217,0.09939,0.00061,0.98904,-0.03972,-0.14222,0.28147,-0.38426,-0.12658,
1752821089634654208,0.35656,-0.02092,0.09757,0.01721,0.98553,-0.10592,-0.13122,0.34231,-0.30317,0.08144,
1752821089701295360,0.37025,-0.04623,0.11230,-0.00819,0.98468,-0.15147,-0.08601,0.33705,-0.21400,0.24065,
1752821089768196864,0.41435,-0.05394,0.13370,-0.05763,0.98149,-0.17919,-0.03533,0.27694,-0.06626,0.29934,
1752821089834766080,0.42603,-0.05144,0.15313,-0.12269,0.97747,-0.17135,0.01210,0.18397,0.02300,0.29578,
1752821089901364480,0.42007,-0.04044,0.17358,-0.17909,0.97192,-0.13718,0.06699,0.06546,0.08914,0.28534,
1752821089967986688,0.42295,-0.03269,0.19116,-0.23025,0.96227,-0.08678,0.11616,0.02748,0.12855,0.23624,
1752821090034598144,0.42500,-0.02376,0.20321,-0.27133,0.95021,-0.04578,0.14623,0.02904,0.14273,0.12171,
1752821090101228800,0.39066,0.00831,0.20403,-0.28398,0.94685,-0.00591,0.15096,-0.04239,0.18728,-0.04675,
1752821090167873024,0.38435,0.01811,0.19159,-0.27170,0.95455,0.01053,0.12209,-0.00761,0.10670,-0.22290,
1752821090234590208,0.38646,0.02283,0.17427,-0.23661,0.96763,-0.00144,0.08777,0.06847,0.03656,-0.28865,
1752821090301235712,0.39326,0.02377,0.15547,-0.19700,0.97846,-0.02160,0.05782,0.11115,0.00623,-0.28252,
1752821090367877888,0.40214,0.02204,0.13781,-0.15995,0.98567,-0.03864,0.03701,0.13220,-0.04354,-0.25887,
1752821090434536192,0.42712,0.00599,0.14020,-0.13307,0.98979,-0.04900,0.01447,0.14264,-0.11150,-0.17791,
1752821090501140480,0.41061,0.02098,0.10963,-0.10721,0.99249,-0.05823,0.00868,0.07693,-0.08085,-0.17949,
1752821090567868672,0.41277,0.01540,0.10381,-0.09054,0.99341,-0.07021,0.00335,0.04205,-0.07999,-0.15732,
1752821090634425088,0.41154,0.01216,0.09590,-0.07443,0.99377,-0.08290,-0.00023,0.00332,-0.05836,-0.13380,
1752821090701087744,0.41021,0.01359,0.08535,-0.06171,0.99346,-0.09591,-0.00579,-0.04578,0.01749,-0.11922,
1752821090767761152,0.41730,0.00800,0.07661,-0.05818,0.99318,-0.09984,-0.01543,-0.00196,-0.00111,-0.07743,
1752821090834433536,0.42060,0.00651,0.07390,-0.05649,0.99302,-0.10194,-0.01786,-0.00014,0.00765,-0.05676,
1752821090901117184,0.42119,0.00618,0.07207,-0.05426,0.99285,-0.10451,-0.01960,0.00029,0.00180,-0.05153,
1752821090967799808,0.42162,0.00722,0.07104,-0.05222,0.99283,-0.10552,-0.02043,0.00401,-0.00046,-0.04148,
1752821091034465024,0.42161,0.00656,0.06799,-0.04489,0.99273,-0.10915,-0.02368,0.01089,-0.01233,-0.05763,
1752821091101191680,0.42174,0.00753,0.06814,-0.03721,0.99315,-0.10873,-0.02096,0.00281,0.01555,0.01251,
1752821091167870208,0.42176,0.00759,0.06539,-0.02369,0.99387,-0.10628,-0.01899,-0.00968,0.01096,-0.01291,
1752821091234563328,0.42227,0.00874,0.06750,-0.00048,0.99440,-0.10403,-0.01833,0.00353,0.01607,-0.00337,
1752821091301220096,0.42288,0.00949,0.06668,0.00420,0.99498,-0.09837,-0.01807,-0.00511,0.00766,-0.00004,
1752821091367894784,0.42258,0.00988,0.06606,0.00023,0.99550,-0.09325,-0.01696,-0.01130,0.00784,-0.00154,
1752821091434544384,0.42281,0.00983,0.06590,0.00042,0.99663,-0.08025,-0.01720,0.01039,-0.00252,-0.00066,
1752821091501202176,0.42350,0.00895,0.06509,0.00011,0.99713,-0.07414,-0.01504,0.00553,-0.00566,-0.00238,
1752821091567858176,0.42379,0.00887,0.06524,0.00019,0.99726,-0.07242,-0.01532,0.00284,-0.00369,0.00084,
1752821091634510336,0.42461,0.00914,0.06524,0.00081,0.99730,-0.07181,-0.01541,0.00050,-0.00322,-0.00119,
1752821091701181952,0.42488,0.00898,0.06522,0.00151,0.99744,-0.06976,-0.01545,-0.00220,-0.00175,-0.00140,
1752821091767823104,0.42493,0.00896,0.06525,0.00153,0.99749,-0.06898,-0.01564,-0.00815,-0.00143,-0.00154,
1752821091834488320,0.42492,0.00906,0.06529,0.00174,0.99754,-0.06826,-0.01581,-0.00692,0.00259,-0.00038,
1752821091901141504,0.42491,0.00926,0.06534,0.00176,0.99750,-0.06884,-0.01603,-0.00604,-0.00047,-0.00096,
1752821091967785472,0.42499,0.00914,0.06536,0.00191,0.99754,-0.06820,-0.01617,-0.00474,-0.00014,-0.00053,
1752821092034464768,0.42485,0.00907,0.06541,0.00196,0.99756,-0.06778,-0.01635,-0.00438,-0.00006,-0.00025,
1752821092101095168,0.42473,0.00901,0.06538,0.00211,0.99759,-0.06743,-0.01646,-0.00183,-0.00002,-0.00006,
1752821092167779840,0.42488,0.00901,0.06538,0.00173,0.99766,-0.06628,-0.01655,-0.00097,-0.00121,-0.00037,
1752821092234411776,0.42490,0.00900,0.06538,0.00177,0.99771,-0.06563,-0.01653,-0.00196,-0.00004,-0.00051,
1752821092301127680,0.42493,0.00899,0.06541,0.00198,0.99773,-0.06522,-0.01670,-0.00124,-0.00069,-0.00021,
1752821092367716608,0.42528,0.00895,0.06540,0.00188,0.99786,-0.06320,-0.01668,0.00804,-0.00147,-0.00059,
1752821092434377984,0.42562,0.00890,0.06541,0.00208,0.99795,-0.06166,-0.01675,0.00206,-0.00432,-0.00035,
1752821092501105152,0.42625,0.00883,0.06541,0.00189,0.99806,-0.05991,-0.01674,0.00661,-0.00315,-0.00033,
1752821092567691776,0.42654,0.00880,0.06543,0.00209,0.99825,-0.05674,-0.01674,0.00479,-0.00237,-0.00097,
1752821092634374144,0.42726,0.00873,0.06536,0.00081,0.99824,-0.05697,-0.01655,0.01698,0.00152,-0.00111,
1752821092701004032,0.42823,0.00912,0.06514,0.00123,0.99824,-0.05726,-0.01535,0.00520,-0.00026,-0.00174,
1752821092767652096,0.42822,0.00922,0.06519,0.00140,0.99822,-0.05759,-0.01540,-0.00091,-0.00015,-0.00006,
1752821092834302208,0.42822,0.00923,0.06520,0.00145,0.99822,-0.05756,-0.01546,-0.00089,-0.00057,0.00001,
1752821092900964096,0.42820,0.00923,0.06521,0.00143,0.99822,-0.05757,-0.01554,-0.00173,-0.00039,-0.00005,
1752821092967616256,0.42818,0.00923,0.06523,0.00152,0.99822,-0.05754,-0.01562,-0.00164,-0.00060,0.00036,
1752821093034289920,0.42811,0.00921,0.06524,0.00154,0.99822,-0.05749,-0.01563,-0.00175,-0.00019,-0.00002,
1752821093100925440,0.42814,0.00923,0.06524,0.00159,0.99822,-0.05754,-0.01568,-0.00143,-0.00070,-0.00022,
1752821093167578368,0.42814,0.00923,0.06524,0.00165,0.99822,-0.05755,-0.01569,-0.00176,-0.00006,-0.00016,
1752821093234232832,0.42811,0.00923,0.06524,0.00159,0.99822,-0.05755,-0.01572,-0.00246,-0.00007,-0.00039,
1752821093300888320,0.42811,0.00924,0.06525,0.00167,0.99821,-0.05760,-0.01576,-0.00242,-0.00081,-0.00005,
1752821093367550976,0.42814,0.00923,0.06525,0.00162,0.99821,-0.05759,-0.01575,-0.00322,-0.00026,0.00022,
1752821093434204672,0.42837,0.00937,0.06543,0.00217,0.99818,-0.05794,-0.01644,-0.00137,0.00165,-0.00012,
1752821093500858880,0.42794,0.00935,0.06543,0.00204,0.99817,-0.05810,-0.01635,-0.00564,0.00074,0.00003,
1752821093567515648,0.42845,0.00937,0.06531,0.00209,0.99822,-0.05733,-0.01650,0.00870,-0.00072,-0.00100,
1752821093634173184,0.42871,0.00927,0.06532,0.00202,0.99830,-0.05581,-0.01670,0.00173,-0.00352,-0.00126,
1752821093700824576,0.42869,0.00933,0.06528,0.00214,0.99832,-0.05552,-0.01651,-0.00373,-0.00187,-0.00011,
